C,W_real,Pi,A,N,R,realinterest,Y,Q,Z,S,Pi_star,x_aux_1,x_aux_2,MC,M_real,i_ann,pi_ann,r_real_ann,P,log_m_nominal,log_y,log_W_real,log_N,log_P,log_A,log_Z,nu
0.948727967045411,0.6785267908142,1.00071218571088,0.997676781901193,0.935158145626641,1.01093382411212,1.01028035019456,0.948727967045411,0.989184431035332,1,1.00003669222387,1.00216272227112,3.52387890015056,3.93025655910415,0.891729626658961,0.910619634500567,0.0434979288559015,0.00284773084068451,0.0409114667900712,1.00071218571088,-0.0929180253882992,-0.0526331601517831,-0.387831293672424,-0.0670396267041282,0.000711932710171127,-0.00232592095578304,0,-6.60727059207859e-19
0.947662231160993,0.678884693047208,1.00112756728149,0.996371545118223,0.935467033968141,1.01142122200253,1.01038405735867,0.947662231160993,0.988707745395668,1,1.00011999733717,1.00344861731659,3.56677357051812,3.95775793159497,0.893424132059178,0.907945217268622,0.0454259769109247,0.00450773857009584,0.0413220521795074,1.00184055450614,-0.09473220359895,-0.0537570872299707,-0.387304004897709,-0.0667093835335476,0.00183886686956725,-0.00363505368348852,-4.12686435923358e-18,-7.64645414725452e-19
0.948335143467508,0.678778536843296,1.0008692043226,0.997227730574995,0.935304990012505,1.01111942448451,1.01032339649538,0.948335143467508,0.989002856135252,1,1.00014561949891,1.00264665701612,3.53963399373262,3.94021558417732,0.892472959034281,0.909612820582077,0.0442322352787404,0.00347531133344968,0.0410818959309389,1.00271135657805,-0.0920284799371813,-0.0530472887844009,-0.387460365915438,-0.0668826154262074,0.00270769059743239,-0.00277611924368319,-6.44543064570054e-18,-1.58332539659194e-19
0.949601119897284,0.678377695423438,1.00037585585995,0.998828027115025,0.934945014971197,1.0105404123862,1.01019889266117,0.949601119897284,0.989569529089148,1,1.00011990524509,1.00113481672507,3.48952563503607,3.9079475179449,0.890436769300075,0.912796193795323,0.0419409980865905,0.0015031412602531,0.0405889395401959,1.00308823101605,-0.0881591708357207,-0.0517132529491109,-0.388051047484226,-0.067267558907023,0.00308347281000174,-0.00117266017105222,-4.9245397537684e-18,3.84084103859039e-19
0.94938472496327,0.678429050274295,1.00045971853902,0.99854429699962,0.935001787468234,1.01063869576803,1.01021978611655,0.94938472496327,0.989473294647182,1,1.0001056920317,1.001390016804,3.49798643969574,3.91343137450447,0.890773906322244,0.912253648614075,0.0423300121506493,0.00183845207363857,0.0406716687013563,1.00354936849727,-0.0882941084464234,-0.0519411572611497,-0.387975348946947,-0.0672068383371595,0.00354308526671324,-0.00145676356493651,-2.08184204981681e-18,7.86983543178553e-20
0.949388087240465,0.678412874597652,1.0004579240926,0.998543817784445,0.934996666622819,1.01063642411125,1.01021887457698,0.949388087240465,0.989475518735717,1,1.00009485222197,1.00138454840608,3.4978475543238,3.91336147019504,0.890754289283477,0.912264609926782,0.0423210211633902,0.00183127757680909,0.0406680594279996,1.00400891704405,-0.0878242744035609,-0.0519376157451794,-0.387999191541751,-0.0672123151593143,0.00400090378811383,-0.0014572434782849,-2.58584798086131e-18,6.81291938401382e-21
0.949564160661007,0.678337796650483,1.00038862345662,0.998764022415749,0.934941295066785,1.01055484189708,1.01020060311292,0.949564160661007,0.98955539923151,1,1.0000823754824,1.00117362302573,3.49094569649626,3.90893176411122,0.89044892696337,0.912711533085608,0.0419981136791261,0.00155419213512096,0.0405957122665481,1.00439909772837,-0.0869459456849972,-0.0517521743886434,-0.388109862615158,-0.0672715376453029,0.00438945084622245,-0.00123674203353573,-2.58669923801375e-18,3.86403896959332e-20
0.950470713676119,0.677975570879533,1.00003221480554,0.999925392513434,0.934663026910348,1.01013532651266,1.01010625075617,0.950470713676119,0.989966367592753,1,1.00006188007387,1.00009669726507,3.45583459410842,3.88631050710064,0.88887815149362,0.915014129493376,0.0403372341661008,0.000128857151193422,0.0402220964329665,1.00443145419608,-0.0843941073015043,-0.0507979284629113,-0.388643992290412,-0.0675692127655002,0.00442166436295696,-7.46102695658186e-05,-2.19553723512877e-18,3.54558716001898e-19
0.95141404833473,0.677556105113378,0.999659295867904,1.00115419117994,0.934361945792064,1.009695544342,1.01000424517431,0.95141404833473,0.990397556605761,1,1.00005454417344,0.99898376352516,3.4200025366886,3.86318300248133,0.887168066854494,0.917427176697599,0.0385953765948609,-0.00136304855496987,0.0398181359294624,1.00408924084891,-0.08210116675538,-0.0498059264869012,-0.389262893573076,-0.067891393417235,0.00408090217217762,0.00115352561345052,-1.3252951903114e-19,5.6081102451449e-19
0.950322020431241,0.678006093725422,1.00008978842534,0.999723493432514,0.934700689682011,1.01020280423256,1.01012074424189,0.950322020431241,0.989900241595434,1,1.00004153277092,1.00026977687745,3.46153378787417,3.89002606755809,0.889111170604307,0.914640619979268,0.0406044279241093,0.000359137590353942,0.040279489922979,1.00417939633363,-0.0850533684884327,-0.0509543822643758,-0.388598972470336,-0.067528918041192,0.00417068709441617,-0.000276544802446017,2.05025539646257e-18,-9.35631667705283e-20
0.950658437918042,0.67785641579408,0.999956911473783,1.00015591830363,0.934593256136177,1.01004616607918,1.01008473806051,0.950658437918042,0.990053755508729,1,1.00003126690846,0.999870828897925,3.44863058187601,3.88171462686089,0.888507306396865,0.915499457166658,0.0399841552635217,-0.000172357812747849,0.0401369056923303,1.00413612775928,-0.084157910174196,-0.0506004413762456,-0.388819759449198,-0.0676438636145905,0.00412759753791877,0.000155906149634537,-4.91174332293356e-19,7.94609950998342e-20
0.949988986534319,0.678111838921218,1.00021988009974,0.999286337075732,0.934795371776653,1.01035565376909,1.01015447034481,0.949988986534319,0.98975048664007,1,1.0000269983171,1.00066211504916,3.47438117691642,3.89834410816723,0.889664626196844,0.913798728863361,0.0412096052592107,0.000879423781211959,0.0404130404255236,1.00435691702067,-0.0857974856090479,-0.051304886166747,-0.388443019465926,-0.0674276266598357,0.00434745351450524,-0.000713917702869932,2.76966545042068e-19,-2.11926851735361e-19
0.950248470828133,0.678006408961138,1.00011778599318,0.99961925950121,0.934715245447451,1.0102354518232,1.01012732223235,0.950248470828133,0.989868251177741,1,1.00002127678008,1.000354066736,3.46435304317124,3.89188233074424,0.889212260250341,0.91445841077466,0.0407336972590464,0.000471116246046095,0.0403055381685683,1.00447521605364,-0.0849580569402873,-0.0510317795615781,-0.388598507210664,-0.0675133455298171,0.004465232287942,-0.000380812998804493,-1.26772001654968e-18,-2.15402361083135e-20
0.949969781126722,0.678108721202725,1.00022708416691,0.999258339204591,0.934798291920166,1.01036401612881,1.0101560517105,0.949969781126722,0.989742294892397,1,1.00001971973744,1.00068389241945,3.47512075479187,3.89883453443739,0.889687777139642,0.913751742945979,0.0412427117155387,0.000908233615950691,0.0404193022950038,1.00470331614385,-0.085504067996051,-0.0513251027583074,-0.388447616985177,-0.067424502845374,0.00469229055415158,-0.000741935961829471,-6.76330989061914e-19,-1.28849266987676e-19
0.949608942606818,0.678242344717758,1.0003685493018,0.998796040913033,0.934906164076917,1.01053038174794,1.0101930146097,0.949608942606818,0.989579351683547,1,1.00002466095697,1.00111261837296,3.48915966448237,3.90788418807223,0.890299566538998,0.912837872750219,0.041901293801023,0.00147392585354173,0.0405656646584979,1.00507359809773,-0.0861362130107412,-0.0517050153001118,-0.388250584267419,-0.0673091137934614,0.00506077169683478,-0.00120468442786815,-1.31745422643978e-18,-2.21992485406953e-19
0.950194470271424,0.678025208851463,1.00013893607357,0.999548756452646,0.934731052978781,1.01026032148691,1.01013286405641,0.950194470271424,0.989843883513122,1,1.00001991743719,1.00041779478522,3.46643394347788,3.89322787641001,0.889303701619952,0.91432158412941,0.0408321667973636,0.00055570571555785,0.0403274831555024,1.00521323887248,-0.0843732287383629,-0.051088608893479,-0.388570779399093,-0.0674964341011227,0.00519969736163124,-0.000451345387976989,-2.13866095849219e-18,9.43787896190869e-20
0.950602691716131,0.677856721115898,0.999978147935554,1.0000761803442,0.934604301569611,1.0100709383333,1.0100897694038,0.950602691716131,0.990029474179898,1,1.00001496837956,0.999934468039888,3.45075168055276,3.88311339805593,0.888584794729565,0.915361133231093,0.0400822575161741,-8.74092084504106e-05,0.0401568300844489,1.00519127290989,-0.083258765524003,-0.0506590826838331,-0.388819308855561,-0.0676320452343455,0.00517784486882418,7.61774426226772e-05,-8.01569561577749e-19,1.98328034617605e-19
0.950836696530023,0.677754845495512,0.999885750330032,1.0003797353899,0.93453020207818,1.00996201915898,1.0100646731525,0.950836696530023,0.99013624374365,1,1.00001214912922,0.999657914843023,3.44182195070492,3.87735253614301,0.888164679671762,0.915958772804993,0.0396509014641368,-0.000457024771413947,0.0400574465777388,1.00507643029006,-0.0827203340353889,-0.0504129480990171,-0.388969612203283,-0.0677113328208532,0.0050635886935772,0.000379663308666512,1.35323475440258e-19,1.95634619542275e-19
0.95010590098425,0.678046670716276,1.00017331961221,0.999430404650245,0.934754397122228,1.01030064711141,1.01014157587366,0.95010590098425,0.989804374416131,1,1.0000112960207,1.00052149516905,3.46984804910716,3.89544695437488,0.889444636818532,0.914098793985863,0.0409918278887178,0.000693218413324694,0.0403619807091242,1.00525062948966,-0.0845797291612621,-0.0511818248040712,-0.388539126163486,-0.067471460271883,0.00523689342792554,-0.000569757630825976,6.74545557014146e-19,-1.69252732208356e-19
0.950598871690838,0.67784928693986,0.999979363257428,1.00006835263606,0.934603002713013,1.01007227233933,1.01008982340724,0.950598871690838,0.990028166644601,1,1.00000850042258,0.999938111376036,3.45089390834834,3.88321685079642,0.888583132578725,0.915352897221841,0.0400875403335528,-8.25478177790732e-05,0.0401570439404094,1.00522988441364,-0.0832293517535376,-0.0506631012210898,-0.388830276096805,-0.067633434975143,0.00521625623192569,6.83503001328942e-05,-1.01180459522857e-18,9.80767125586895e-20
0.950630161089435,0.677833566971465,0.999966943539615,1.0001081501506,0.934592515359724,1.01005761052829,1.01008639397233,0.950630161089435,0.990042537711921,1,1.00000645126036,0.999900886186933,3.44969628707909,3.88244729765055,0.888525129385869,0.915433121475452,0.0400294774884985,-0.000132228021953817,0.0401434632042796,1.00519665511084,-0.0831747695868614,-0.0506301862986742,-0.388853467443843,-0.0676446562290337,0.00518319924472262,0.000108144302797475,1.21418672558617e-19,6.4579690748912e-20
0.951100407203526,0.67763451350347,0.999781393325878,1.00072254404641,0.934445188002116,1.00983891428544,1.0100360097786,0.951100407203526,0.990256946779866,1,1.00000825721663,0.999346605411149,3.43181004594322,3.87089341981098,0.887683473302956,0.916633957128409,0.0391633093063497,-0.000874522228228244,0.0399439338940974,1.00497691276393,-0.0820824903448271,-0.0501356400441484,-0.389147175310527,-0.0678023070532757,0.00496456872055589,0.000722283137143916,1.92113259706487e-19,2.26147710943794e-19
0.95029042204288,0.677970218342389,1.00010066037886,0.99966725804223,0.93469701381648,1.01021507831169,1.01012217504864,0.95029042204288,0.989888214342033,1,1.00000693017482,1.00030249859177,3.4627286591814,3.89085970391549,0.889120955919769,0.914568314626799,0.0406530280820943,0.00040262126561649,0.0402851558025723,1.00507807398588,-0.0842378875994192,-0.0509876329741934,-0.388651886522748,-0.067532850709711,0.00506522434214812,-0.000332797328681428,1.28349605861148e-18,-1.71926178332806e-19
0.951420222781829,0.677496445322039,0.9996550138126,1.00114422660258,0.934344277852796,1.0096898758645,1.01000132285619,0.951420222781829,0.990403116770892,1,1.00001370955156,0.998971065307985,3.41974701473204,3.86309079536053,0.887103641939766,0.917452548148214,0.0385729203544035,-0.00138018264015959,0.0398065624210577,1.00473133664936,-0.081434235588986,-0.0497994367122468,-0.389350950488232,-0.0679103027551971,0.00472017855728617,0.00114357247428212,-5.91068452441037e-19,3.70411938086383e-19
0.950697081991919,0.677811495126877,0.999940749905446,1.00019705819538,0.934573270980265,1.01002681129076,1.01007950156873,0.950697081991919,0.990072727564098,1,1.00001052725302,0.999822428399111,3.44714251083929,3.88079105991129,0.888411739829468,0.915602815056682,0.0399075053979957,-0.000237007393248629,0.040116168794413,1.00467180629107,-0.0835116888710807,-0.0505597923657952,-0.388886030697145,-0.06766524766627,0.00466092733232553,0.000197038782213822,2.03255475131803e-18,-5.23662575442432e-20
0.952436343876036,0.677037634775837,0.999252286619678,1.00250136705102,0.934018266388496,1.00921443442425,1.00988861338245,0.952436343876036,0.990869695600528,1,1.00004769048963,0.997784882523352,3.38194942707936,3.83859611480953,0.885218113482045,0.920064612182067,0.0366889632207757,-0.00299196980065664,0.0393601634615278,1.00392060334416,-0.0793984023911006,-0.0487319894980113,-0.39002842775194,-0.0682592876507857,0.0039129349424918,0.00249824384114427,3.50045673121363e-19,7.19371252827518e-19
0.952104343339316,0.677230560733922,0.999385357833404,1.00206779632038,0.93413662710525,1.00937204746473,1.00992744290421,0.952104343339316,0.990714972074758,1,1.00006249340949,0.998175070936443,3.3942274187545,3.84650983003161,0.885878227005944,0.919202587085052,0.0373136096162413,-0.0024593232677917,0.0395139579594821,1.00330355334821,-0.0809506063190293,-0.0490806363056749,-0.389743495268627,-0.0681325717925903,0.00329810704995303,0.00206566138055419,4.44332046893041e-18,3.33037071075489e-19
0.9517088455388,0.677425839536109,0.999542638717839,1.00154512096877,0.934268124819734,1.0095579021859,1.00997194193877,0.9517088455388,0.99053258644048,1,1.0000615896733,0.998638475577677,3.40895251018025,3.85603003396498,0.886627480111781,0.918183230783974,0.038050057641637,-0.00182986313978172,0.0396902007220085,1.00284468198363,-0.0825176571175205,-0.0494961206389134,-0.389455175540486,-0.0679918109803146,0.00284064284863576,0.00154392850142966,3.67314413619573e-18,9.22600428209069e-20
0.951365461519097,0.677577112471243,0.999678501401742,1.00108990090819,0.934377283238459,1.00971819625027,1.01000953015023,0.951365461519097,0.99037533813192,1,1.00005342735065,0.999040738328284,3.42183016319658,3.86436575594039,0.887256436045575,0.917302740051429,0.0386851131723209,-0.00128620099747355,0.0398390663926745,1.00252226918245,-0.083798621869655,-0.0498569960044701,-0.389231888955578,-0.0678749785902216,0.00251909329972759,0.00108930739860834,2.74468620056839e-18,-3.20288088862528e-20
0.951283183093668,0.677604512245513,0.99971075591247,1.00097863864983,0.934401002894542,1.00975614766131,1.01001814422108,0.951283183093668,0.990338115136201,1,1.00004593421411,0.999136507413638,3.42492612069735,3.86637925511036,0.887398230912764,0.917093449349251,0.0388354549276666,-0.00115714358682121,0.0398731810760141,1.00223229580474,-0.0843160932814688,-0.0499434847257357,-0.389191450990174,-0.0678495932528877,0.00222980771359278,0.000978160095525205,1.93605293253976e-18,-1.05342324284838e-20
0.952124682497794,0.677219324007318,0.999377226602922,1.00209446278679,0.934129536188448,1.00936242403423,1.00992509561145,0.952124682497794,0.990724417726336,1,1.0000619009397,0.998151181691862,3.39347318380039,3.84602327708843,0.885838406062405,0.919255264168659,0.0372754731088174,-0.00249186832818079,0.0395046610713197,1.0016081332912,-0.0825845666860487,-0.0490592741393554,-0.389760087898598,-0.0681401627518484,0.00160684085836717,0.00209227245798963,1.73841145892305e-18,3.77142257472524e-19
0.951468549617489,0.677532166133826,0.999637738872734,1.00122626785274,0.934344638634349,1.00967011403336,1.00999829527908,0.951468549617489,0.990422501501735,1,1.00005563123157,0.998919855790814,3.41795443650371,3.86185772147794,0.88706851276427,0.917566851928182,0.0384946308633126,-0.00144930680305712,0.0397945719982576,1.00124528985774,-0.0847853178640561,-0.049748643205736,-0.389298226664546,-0.0679099166917619,0.00124451493035207,0.00122551660434422,3.72051329619081e-18,1.54568622757755e-20
0.951734188824769,0.677407339359589,0.999532370009108,1.00157655647863,0.934258046135316,1.00954570523067,1.00996886484471,0.951734188824769,0.990544553685942,1,1.00005714480313,0.99860814695232,3.40800289473884,3.85542424952391,0.886574035058192,0.918249504076442,0.0380017314237465,-0.00187095696259867,0.0396780138486301,1.00077707785311,-0.084509347585741,-0.0494694916062435,-0.389482486042435,-0.0680025988872383,0.000776775887383641,0.00157531501862745,2.17828928715076e-18,1.59157477124802e-19
0.95185528867653,0.677354207833016,0.999484437943568,1.00173825858479,0.934219616752216,1.00948914286956,1.00995553867881,0.95185528867653,0.990600054534149,1,1.00006161041141,0.998466713740143,3.40348619259163,3.85249696309817,0.886351301848602,0.918560347921636,0.0377776150609039,-0.00206277933340875,0.0396252349296326,1.00026111541463,-0.0846865781632259,-0.0493422572194985,-0.389560925733074,-0.0680437337027151,0.00026108125117461,0.00173674956315291,2.8005268835066e-18,1.87773984885787e-19
0.951605394533734,0.67747119265267,0.999583572611925,1.00140747020373,0.934300947124456,1.00960619984128,1.00998328844245,0.951605394533734,0.990485201246031,1,1.00005839968027,0.99875948028633,3.41282220483017,3.85853650986286,0.886817209727539,0.917917860359495,0.0382414146393794,-0.00166605612256824,0.0397351384026282,0.999844579344763,-0.0858027936933966,-0.049604827695069,-0.389388226439745,-0.0679566797489352,-0.000155432700712479,0.001406480647907,3.08776752573279e-18,6.1000721136212e-20
0.952140614951105,0.677224811905399,0.999371320916778,1.00211989519189,0.934127923907572,1.00935558830331,1.00992382714279,0.952140614951105,0.990731127264562,1,1.00007170249819,0.998133832907162,3.39288802797161,3.84562752578378,0.885820552476304,0.919294116914793,0.0372483837465364,-0.00251550581082844,0.0394996370469713,0.999215997892608,-0.0849334512840705,-0.0490425404159744,-0.389751984326866,-0.0681418887821782,-0.000784309186985501,0.00211765138561854,2.50016932265026e-18,3.0205853657362e-19
0.952054161506672,0.67727840271106,0.999406068685694,1.00200854623718,0.934159672798664,1.00939677382487,1.00993403117946,0.952054161506672,0.990690703399619,1,1.00007860363373,0.998235954733286,3.39609817686159,3.84769077128997,0.885995086342263,0.91906925962383,0.0374115954104288,-0.00237642992880248,0.0395400519606902,0.998622531869154,-0.0857721904884725,-0.0491333447342675,-0.389672850923617,-0.0681079012378699,-0.00137841707987584,0.00200653180950075,3.76569032293003e-18,2.01190638757603e-19
0.95215756889481,0.677237794756773,0.999365268247861,1.00214924161708,0.934128178886127,1.00934866522073,1.00992276232956,0.95215756889481,0.99073792262939,1,1.0000872800966,0.998116055385431,3.39226833244042,3.84519918209066,0.885808207520038,0.919334257278759,0.0372209480413257,-0.00253973172342427,0.039495419631887,0.997988673717928,-0.086118828259697,-0.0490247340886084,-0.389732813484101,-0.0681416158790985,-0.00201335064213909,0.00214693530484248,3.56789484566907e-18,2.21714666069024e-19
0.949309297161148,0.678421510198834,1.00048812965393,0.998437781911107,0.935014566871359,1.01067170889742,1.01022607299195,0.949309297161148,0.989440973938616,1,1.00008305801244,1.00147663891049,3.50093293367037,3.91537309141402,0.890867124536338,0.912068843866769,0.0424606724883457,0.00195204280884502,0.0406965616957662,0.998475822162396,-0.0935651336204386,-0.0520206087913762,-0.387986462850884,-0.0671931708119015,-0.0015253410087965,-0.00156343962872861,3.81782004602678e-18,-7.98242468347942e-19
0.949448382451915,0.678367391487324,1.00043356277539,0.998612816805051,0.934972253788443,1.01060753312132,1.01021186985666,0.949448382451915,0.989503805619677,1,1.00007619402412,1.00131034462909,3.49547197280126,3.91186292775689,0.890631364756338,0.912420878432532,0.0422066717983911,0.00173387565277269,0.0406403238938398,0.998908724452814,-0.0927457685367853,-0.0518741087030684,-0.388066235754705,-0.0672384254103274,-0.00109187166373326,-0.0013881462229703,-2.77505678684039e-18,-3.79573241704296e-19
0.949734255981202,0.678255372034595,1.00032133594382,0.998974823361821,0.934885082526616,1.01047550999378,1.01018249823465,0.949734255981202,0.989633088707098,1,1.00006481754479,1.00096930236531,3.48429867615977,3.90467513396146,0.890143371096217,0.91314525116045,0.041684088101715,0.00128513747375331,0.0405240234125094,0.999229709872733,-0.0916309016483299,-0.0515730615593626,-0.388231377969774,-0.0673316632820824,-0.000770587053100967,-0.0010257024903868,-2.46413235584921e-18,-1.09594987879897e-19
0.951133336744026,0.677681054104369,0.999770344653355,1.00078511032748,0.934451552938965,1.00982654488811,1.01003483814682,0.951133336744026,0.990269076475819,1,1.00005226605298,0.999313710157068,3.43058953727751,3.87002630602769,0.887680687641337,0.916708024563166,0.0391143134650579,-0.000918726820181545,0.0399392939259101,0.999000231372613,-0.0879665270497915,-0.0501010179508721,-0.389078496081706,-0.0677954956261668,-0.00100026865810232,0.000784802289315656,-1.821079532823e-18,4.95157082167779e-19
0.950768803884552,0.677821989340708,0.999913772749795,1.00030339100372,0.934562064349926,1.00999546170527,1.01007343732132,0.950768803884552,0.990103458764273,1,1.0000396935525,0.999741696579199,3.44442416402647,3.87898345842384,0.888321914946749,0.915779044302698,0.0397833499864835,-0.000344923861984117,0.0400921537884315,0.998914090309914,-0.0890666608395127,-0.0504843537826133,-0.388870548439995,-0.0676772389314764,-0.00108649969463875,0.000303344990049429,1.39463609990616e-18,1.31106465299125e-19
0.950727712134313,0.677825923676678,0.999929549323894,1.00024560739015,0.934571227758008,1.01001390858522,1.0100773012734,0.950727712134313,0.990085375524945,1,1.00003010184663,0.999788900565124,3.44598534861565,3.8800087495264,0.88838269662515,0.915676412965433,0.0398564066051237,-0.000281812623325044,0.040107455429729,0.998843716119735,-0.0892491903593189,-0.0505275742613101,-0.388864743923954,-0.0676674339325288,-0.00115695287267977,0.000245577233594165,5.38930684476549e-19,5.89245108111291e-20
0.950501421826917,0.677908548332574,1.00001837015381,0.999947919628129,0.934638507372856,1.01011842913283,1.01010088888445,0.950501421826917,0.989982927863545,1,1.00002260549896,1.00005512756328,3.45463353554366,3.88560582567019,0.888773153827706,0.915101400674352,0.0402703222615645,7.34799448965759e-05,0.0402008634764374,0.998862065039587,-0.0898589822901791,-0.0507656206530932,-0.388742853936261,-0.0675954466566335,-0.00113858290556127,-5.2081728100776e-05,4.36286367299691e-19,-5.10967011444865e-20
0.950265993590113,0.677994891496701,1.00011074847484,0.999640443312853,0.934708622567466,1.01022711733939,1.01012531245046,0.950265993590113,0.989876417696634,1,1.00001786014147,1.00033287192275,3.46367594783655,3.89145145726771,0.889177495781928,0.914503716750406,0.0407006969634172,0.000442969387318977,0.0402975796332389,0.998972687524532,-0.0904015870174152,-0.0510133395766552,-0.38861549455638,-0.067520430995945,-0.00102784055273929,-0.000359621343150571,-9.25133247719508e-20,-1.18294040046768e-19
0.950484827869371,0.677902475348561,1.00002449180291,0.999922315608698,0.934640096235005,1.01012549998183,1.01010214175619,0.950484827869371,0.989975998012353,1,1.00001344207305,1.00007350589748,3.45526410589605,3.88602939474654,0.888790363386206,0.915061275962949,0.0402983222419381,9.7966016701927e-05,0.040205824845926,0.998997154174097,-0.0897675966389412,-0.0507830789077621,-0.388751812320437,-0.0675937466825349,-0.0010033490181524,-7.76874088881912e-05,-6.38700980365264e-19,1.82824607208792e-20
0.950542631104842,0.677874439909388,1.0000015849877,0.999995930486509,0.934620998032809,1.01009847120412,1.01009586038547,0.950542631104842,0.990002488341026,1,1.00001008177593,1.00000475498404,3.45304725424754,3.88460425933693,0.888684387313008,0.915209245136567,0.0401912894465962,6.33994997527044e-06,0.0401809505685258,0.998998737573627,-0.0896043206261548,-0.0507222662982661,-0.388793169516038,-0.0676141806435544,-0.00100176402447181,-4.06952177157783e-06,-1.37995199804284e-19,3.06143352577533e-20
0.950980647665001,0.67768922935292,0.999828794315168,1.0005665639867,0.934483812733854,1.00989483535573,1.01004905125467,0.950980647665001,0.990202113108889,1,1.00000965155066,0.99948787204205,3.43634977157414,3.87382305041938,0.887902406086112,0.916327222986098,0.0393848081126734,-0.000684881333849826,0.0399955811448827,0.998827703262353,-0.0885547311184875,-0.0502615651146364,-0.389066432012971,-0.067760973379667,-0.0011729843576564,0.000566403549924785,-7.22890812292866e-21,1.92149928767585e-19
0.951204048051028,0.677593331813695,0.999740562048354,1.00085991970631,0.934413466211067,1.00979080563258,1.01002493710486,0.951204048051028,0.990304124808278,1,1.00001204696912,0.999225099266961,3.42789329571917,3.86835662108252,0.887499322444061,0.916898508231457,0.0389727450328251,-0.0010378863549841,0.0399000830270934,0.99856856934643,-0.0881909444076024,-0.0500266762109302,-0.389207950991415,-0.0678362549560969,-0.00143245600323461,0.000859550187213423,1.00641981273314e-18,2.05337537660013e-19
0.950666980820956,0.677822155205648,0.999952555841943,1.00015727839608,0.934582128894402,1.01004070128092,1.01008263166625,0.950666980820956,0.990059112169486,1,1.00000919188476,0.999857782084735,3.44829106569598,3.88153506466038,0.888463449461302,0.915526358310153,0.0399625134261235,-0.00018978112868556,0.0401285642270325,0.998521193085374,-0.0897360254176136,-0.0505914551032288,-0.388870303439812,-0.0676557696673167,-0.00147990141026333,0.000157266029214961,1.52752425164716e-18,-7.55299309081452e-20
0.949429718812325,0.678296282464923,1.00043837876784,0.998564467452552,0.934956327715804,1.01061234732537,1.01021078063544,0.949429718812325,0.98949909197844,1,1.00002081055241,1.00132500972306,3.49616772005401,3.91241235672927,0.890589663404256,0.912386556987952,0.0422257264273208,0.00175313122419078,0.0406360110497555,0.998958923902393,-0.092733131938723,-0.0518937661594634,-0.388171062311174,-0.067255459230342,-0.00104161862150973,-0.0014365639112867,2.7938255457364e-19,-4.94455150292419e-19
0.948383315237147,0.678658211992519,1.00084710759114,0.997254231897442,0.935262328613682,1.01109235954512,1.0103147746762,0.948383315237147,0.989029330058673,1,1.00006770802894,1.00257840566039,3.53765152978148,3.93908043953234,0.892298235060703,0.909750833714682,0.0441251640723407,0.00338699960552112,0.0410477609769558,0.999805150639276,-0.0947793316436627,-0.0529964960134146,-0.387637636255567,-0.0669282280484305,-0.000194868492066955,-0.00274954463662542,-2.55001805884083e-18,-6.68147704849452e-19
0.949051467812858,0.67849054050637,1.00058824494042,0.99810554214009,0.935084392221619,1.01078909355978,1.01025108710323,0.949051467812858,0.989326068349879,1,1.00007615296183,1.00178255084828,3.51108499082359,3.92193360894148,0.891272542748471,0.911421977196375,0.0429252265336212,0.00235228904909324,0.0407956039850492,1.00039328104581,-0.092356061513561,-0.0522922394215699,-0.387884719474447,-0.0671184960105754,0.000393203915946899,-0.00189625460281846,-4.87746394838585e-18,-1.13561194563899e-19
0.949324331996139,0.678404447420685,1.00048187325632,0.998453115910039,0.935006902030813,1.01066422956659,1.01022411177759,0.949324331996139,0.989448296213792,1,1.00007422048283,1.00145755674824,3.5003366322312,3.91500453064487,0.890831178537647,0.912108736168308,0.0424310709427174,0.0019270293234772,0.0406887962480208,1.000875343704,-0.0911210947280709,-0.0520047714265295,-0.388011613163223,-0.0672013683473387,0.000874961061969743,-0.00154808174763946,-3.36523317640698e-18,1.16030883282814e-20
0.949439848864065,0.678361154376216,1.00043660541937,0.998599027578454,0.934972215241402,1.01061100809561,1.01021237702784,0.949439848864065,0.989500403222323,1,1.00006972490159,1.00131960907407,3.49580215474751,3.91208767211742,0.890636905932539,0.912400849919629,0.0422204257757613,0.00174604094324319,0.0406423320688179,1.00131233110462,-0.0903643768633103,-0.0518830966197395,-0.388075429851137,-0.0672384666462794,0.00131147105008424,-0.0014019546997067,-2.74781813296225e-18,1.6566081684714e-20
0.950768276080515,0.677840407162885,0.999914566943342,1.00030848145838,0.934567246859677,1.00999659492463,1.01007420470809,0.950768276080515,0.990102347867755,1,1.0000527648812,0.999744072248971,3.44445204125277,3.87897798424503,0.888339860702635,0.915774662239446,0.0397878379961884,-0.000341746816250539,0.0400951927206821,1.00122678595657,-0.0867589121643459,-0.0504849089004042,-0.38884337670592,-0.0676716935611032,0.00122603404746588,0.000308433887855058,-2.48862694282498e-18,5.18505269973311e-19
0.950944473102933,0.677748924423658,0.999844501267859,1.0005332759039,0.934507384991533,1.00991383092073,1.01005467505072,0.950944473102933,0.990183488301093,1,1.00004123729374,0.999534732617165,3.4377415653776,3.87466531359251,0.888008748883309,0.916227393842297,0.0394600452043703,-0.000622043265642205,0.0400178524651034,1.00107109651088,-0.0864201744872759,-0.0502996051358654,-0.388978348898841,-0.0677357487525951,0.00107052325370854,0.000533133762842447,5.47973148427696e-19,3.38821179046438e-19
0.951170555569397,0.677640559979164,0.999754852470853,1.00082627126413,0.934433072177892,1.00980801222765,1.01002985227517,0.951170555569397,0.990287250547066,1,1.00003515115964,0.999267605853507,3.42917221217823,3.86914143361389,0.887590549716285,0.916807326826582,0.0390409035047061,-0.000980710253220678,0.0399195485264444,1.00082568648942,-0.0860325933923349,-0.0500618875724583,-0.389138252567656,-0.0678152729990395,0.000825345733308923,0.000825930089976389,9.47288299185515e-19,2.77408249487333e-19
0.950789764049465,0.677795441159709,0.999904934639262,1.00032509248272,0.934550622934543,1.00998485407433,1.0100705057178,0.950789764049465,0.990113857586906,1,1.00002698301588,0.999715263707764,3.44361789747351,3.87848564362518,0.888267955276797,0.915835495055066,0.0397413391549643,-0.000380279507205241,0.0400805443032821,1.00073054265355,-0.0871882447423763,-0.0504623085099883,-0.388909716325674,-0.0676894815631372,0.000730275921165905,0.000325039651696356,1.46775261124404e-18,1.81023697121636e-20
0.950262542134164,0.678000835943179,1.00011225273529,0.999637436334843,0.934710940595159,1.01022893789921,1.01012585087427,0.950262542134164,0.989874633814965,1,1.00002117218729,1.00033740185828,3.46381091017197,3.89153259856824,0.889187781625796,0.914494182067437,0.0407079054731657,0.000448985758654183,0.0402997117392948,1.00084287737149,-0.088541650202735,-0.0510169716711637,-0.388606726947797,-0.0675179510553266,0.000842522376887395,-0.000362629407258888,5.77480255119813e-19,-1.84060880425105e-19
0.950623403729712,0.677849554972329,0.999970031018191,1.00010355199994,0.934598252839934,1.01006139100285,1.01008762580235,0.950623403729712,0.990038832164407,1,1.00001593791041,0.99991013871521,3.44996027876117,3.88260069396218,0.888549428576766,0.915413697324779,0.0400444487826887,-0.000119877718786423,0.0401483413188425,1.0008128831347,-0.0875666346772122,-0.0506372946197959,-0.388829880759653,-0.0676385172279715,0.000812552920267816,0.000103546638801642,-6.44042446320164e-19,4.23242863753362e-20
0.950655122584875,0.677831083747806,0.999957358691605,1.00014312021535,0.934586922578261,1.01004640336771,1.01008404861778,0.950655122584875,0.990053522916621,1,1.00001207798274,0.999872168593303,3.44874577041218,3.88182347607435,0.888488228157734,0.915495453609019,0.0399850949778542,-0.000170568864575373,0.0401341754543535,1.00077020717168,-0.0875199701006177,-0.050603928792098,-0.388857131020727,-0.0676506404457258,0.000769910708107965,0.000143109974629912,1.8394530332687e-19,3.77142515566487e-20
0.950116123902324,0.678042622718575,1.00016930081244,0.999443551471169,0.934751269473343,1.01029591668459,1.01014051048258,0.950116123902324,0.989809008895881,1,1.00001114278963,1.00050936823932,3.46945295692042,3.89519224144409,0.889426916814189,0.914124765416145,0.0409730990586378,0.000677145965895473,0.0403577619287036,1.00093963834295,-0.0888490137787982,-0.0511710651219433,-0.38854509626207,-0.0674748062280252,0.000939197205911365,-0.000556603403767615,2.54232573394856e-19,-1.83691891931621e-19
0.950312313797032,0.677964554773924,1.00009214768406,0.999696529626376,0.934691145724081,1.01020508911552,1.01011999987961,0.950312313797032,0.989898002637323,1,1.00000897782641,1.00027687659863,3.4618873857605,3.89031298431059,0.889085643970782,0.914623478767688,0.0406134751399954,0.000368573767201549,0.0402765423056785,1.00103187258925,-0.0882114560814092,-0.0509645963631465,-0.38866024031958,-0.0675391287912866,0.00103134060118295,-0.000303516430056135,-9.88451149963453e-19,-2.83677035473135e-20
0.950779326743565,0.677772510316716,0.999908171537006,1.0003027981847,0.934546351191049,1.00998837246402,1.01007055278415,0.950779326743565,0.990110408429816,1,1.00000733215245,0.999724943629794,3.44400392663892,3.87877018858254,0.888261048905341,0.915813413846532,0.0397552735605901,-0.000367330706102307,0.0400807306927379,1.00093994939467,-0.0870031235344603,-0.0504732861020454,-0.388943548490284,-0.0676940524776477,0.000939507898441381,0.00030275235058267,-5.39071673741557e-19,1.65377448521785e-19
0.950804537558355,0.677760307559227,0.999898175976843,1.0003351813328,0.934538030009204,1.00997657552815,1.0100677963529,0.950804537558355,0.990121973322484,1,1.00000623770421,0.999695055346003,3.44304285019231,3.87815154527694,0.888214568061631,0.915878027163923,0.0397085522083219,-0.000407316816508988,0.040069814879314,1.00083802968641,-0.0870344022167756,-0.0504467704753619,-0.388961553032743,-0.0677029565114762,0.000837678714929636,0.000335125172085438,5.37877626357174e-19,1.03373385623229e-19
0.95103380805729,0.677662685030711,0.999807682026847,1.00063501902336,0.934466044799777,1.00986990460555,1.01004317816751,0.95103380805729,0.990226558324104,1,1.00000732400575,0.999424924266045,3.4343322312603,3.87252416413582,0.887803185095162,0.916463736667955,0.0392860609563763,-0.000769345829582341,0.0399723224491819,1.00064555059247,-0.0865874361130992,-0.0502056659400329,-0.389105602188413,-0.0677799872496759,0.000645342278318382,0.000634817484103869,5.95401652954161e-19,1.55158561689245e-19
0.950633950616974,0.677830788499318,0.999965411208777,1.00011269385302,0.934591004047607,1.01005579214103,1.0100859443589,0.950633950616974,0.990044320070496,1,1.00000557666337,0.999896294480837,3.44955091843308,3.88235500704621,0.888517285686195,0.91544298384624,0.0400222763573377,-0.000138357552816905,0.0401416827084514,1.0006109394776,-0.0877364425090387,-0.0506261999684064,-0.388857566542323,-0.0676462733147832,0.000610752926158598,0.000112687503572154,1.12802038529929e-18,-5.61771013549125e-20
0.948853637813964,0.678491394896466,1.00066336642303,0.997836080051271,0.935123616580629,1.0108765843694,1.01026820062951,0.948853637813964,0.989240442619105,1,1.00003604226428,1.00201278466625,3.51888829074663,3.92703939340051,0.891532657848426,0.910934694740384,0.0432714395206455,0.00265258748336827,0.0408633628318762,1.00127471084279,-0.0920101406976262,-0.0525007087503465,-0.387883459087723,-0.0670765500674752,0.00127389980092867,-0.00216626460564136,2.00184496576502e-19,-6.72383804992995e-19
0.948914916592335,0.67850323814426,1.0006404865154,0.99792318741621,0.935114802898968,1.01085007432278,1.01026336749189,0.948914916592335,0.989266385967547,1,1.00005690279646,1.00194259803019,3.51647334258867,3.92544385003156,0.891463642238271,0.911083599297417,0.0431665388534601,0.00256112735871004,0.040844226748052,1.0019160131317,-0.0912064116511028,-0.0524361297107424,-0.387866005265948,-0.0670859751110411,0.00191418092902586,-0.00207897214479947,-3.84389400083889e-18,-3.51742137300206e-19
0.94996326962177,0.678148599255044,1.00023083983409,0.999261821297907,0.934810567727347,1.01036884105214,1.01015816703699,0.94996326962177,0.98973756847207,1,1.00004663792726,1.00069524741398,3.4753898530597,3.89895948967031,0.889733931406677,0.913729029283316,0.0412618133870389,0.000923252853891255,0.0404276785169373,1.0021472951018,-0.0880762231097751,-0.0513319571291286,-0.388388811837833,-0.0674113709417409,0.00214499313663767,-0.000738451286791209,-3.68916023736862e-18,2.05027863914811e-19
0.949924950596501,0.678152445116275,1.00024553484718,0.999209216055048,0.934819169816651,1.0103860124265,1.01016170687322,0.949924950596501,0.989720748016234,1,1.00003942967756,1.0007396918456,3.47687114800028,3.89992845139037,0.8897894701232,0.913633632303085,0.0413297934244133,0.000982018915949417,0.0404416954495633,1.00239335700562,-0.0879351278500968,-0.0513722952405543,-0.388383140430847,-0.0674021690380585,0.00239049769296707,-0.00079109677944483,-1.31126878616316e-18,6.82772622836268e-20
0.951062981288469,0.677684771645266,0.999797277198184,1.00068428434816,0.934466403109271,1.00985801248847,1.01004139115724,0.951062981288469,0.990238219265634,1,1.00003245185573,0.999393918074652,3.43324139571503,3.87177461396488,0.887782920293326,0.916532538288479,0.0392389571081587,-0.000810973361928406,0.0399652454731709,1.0021901491589,-0.084969953957771,-0.05017499103943,-0.38907301018206,-0.0677796038285259,0.00218775415609856,0.000684050332257367,-1.4047144691039e-18,4.79089895814786e-19
0.951183427485334,0.677625894966109,0.9997494729957,1.00084030681238,0.934426498579276,1.0098015700497,1.01002810089515,0.951183427485334,0.990293568231696,1,1.00002877097888,0.999251602298965,3.42868203174705,3.86883620939587,0.887558749084605,0.916841784529848,0.0390153849941732,-0.00100223348318939,0.0399126125644346,1.00193907364284,-0.0848831593473201,-0.0500483549036179,-0.389159894402368,-0.06782230789975,0.00193719591330611,0.00083995395232444,1.21553318195041e-18,3.10860868304613e-19
0.951248320773768,0.677594046224324,0.999723708379905,1.00092454662336,0.934404965228836,1.0097711458074,1.01002091998458,0.951248320773768,0.990323405624304,1,1.00002698460344,0.999174994704202,3.42623038890655,3.86725569190174,0.887437623929792,0.917008489658688,0.0388948674393284,-0.00110531907606827,0.0398841739929426,1.00166224645984,-0.0849776794953973,-0.0499801332346709,-0.389206896820543,-0.0678453527171745,0.00166086630084074,0.0009241194934908,1.49268475337398e-18,2.10561554101139e-19
0.952424203339387,0.677060259789556,0.99925766028061,1.00249041667943,0.934026890311377,1.00922096719198,1.00989066326361,0.952424203339387,0.990863281642133,1,1.00005935639208,0.997800605596951,3.38240290516907,3.83886877124307,0.885256825464142,0.920030432542513,0.0367148555825981,-0.00297045918303111,0.0393682826988288,1.00091867405238,-0.0824302363504373,-0.0487447366272431,-0.389995008830461,-0.0682500544406435,0.000918251663404564,0.00248732073194473,1.64232471775548e-18,6.31292716329114e-19
0.951814989520524,0.677374772462027,0.99950048370082,1.00168529520234,0.93423320016377,1.00950810984468,1.00996009214063,0.951814989520524,0.990581442813309,1,1.00006210472512,0.998514033640224,3.40498902275099,3.85346742444742,0.886428188338257,0.918456399818503,0.0378527690945836,-0.00199856375229798,0.0396432692055869,1.00041869914553,-0.0846422193753737,-0.0493845958954714,-0.389530565147299,-0.0680291938503655,0.000418611391742806,0.00168387669396101,4.42386870145612e-18,1.80265997273849e-19
0.951716719368906,0.677421892315961,0.999539506627462,1.00155546083023,0.934265490155779,1.00955420102998,1.00997105752903,0.951716719368906,0.990536217861992,1,1.00006150361949,0.998629223992133,3.40865816000783,3.85583996897683,0.886612554897743,0.918203517882398,0.0380353931498442,-0.0018423972519578,0.0396866980097211,0.999958013070612,-0.0853781931271794,-0.0494878472859708,-0.389461002422168,-0.0679946310272393,-4.19877974803683e-05,0.00155425235577009,2.9936856590779e-18,1.1484009295194e-19
0.951227257743436,0.677637146645523,0.999733129066803,1.00090760519555,0.934420990302631,1.00978262395591,1.01002454166072,0.951227257743436,0.990312148668504,1,1.00005109133423,0.999202998041501,3.42703935775573,3.86773516339714,0.887507550186594,0.916948889437497,0.0389403354959708,-0.00106762609982609,0.0398985169445666,0.999691153338632,-0.0870124365908854,-0.0500022760501128,-0.389143289995473,-0.0678282027890719,-0.000308894335820146,0.000907193572192108,2.76305348419016e-18,-7.67083337614909e-20
0.951751532463108,0.677394837641103,0.999525347573905,1.00159812831815,0.934251192659397,1.00953736569504,1.00996676432852,0.951751532463108,0.990552736323865,1,1.00005422812197,0.998587411900033,3.40735336347872,3.85500965205073,0.886537600558343,0.918294835201243,0.0379686885665687,-0.00189905992355668,0.0396696947020498,0.999216647425603,-0.086020416756923,-0.0494512684377251,-0.389500941980602,-0.0680099347085753,-0.000783659345206903,0.00159685267022947,1.6122306965882e-18,2.06530430068969e-19
0.951747692939855,0.677399819320039,0.999526974048504,1.00159405146678,0.934253320579304,1.00953932076649,1.00996731735505,0.951747692939855,0.990550818019624,1,1.00005645766191,0.998592213545773,3.407497992798,3.85509914038287,0.886547739618623,0.91828442620024,0.0379764349690901,-0.00189255093620167,0.0396718849763857,0.998743991811025,-0.0865048898424229,-0.0494553025947474,-0.389493587760208,-0.0680076570330921,-0.00125679728930807,0.00159278231670893,2.83884616817833e-18,1.62065894157845e-19
0.951627534367502,0.677455985193984,0.999574634937607,1.00143514818441,0.934292405116687,1.00959559505183,1.00998064443924,0.951627534367502,0.99049560529807,1,1.0000550874304,0.99873304563204,3.41199111094412,3.85800534630397,0.886771502012563,0.91797556716549,0.0381993988744355,-0.00170182185200135,0.0397246669092781,0.99831916074161,-0.0872667485665486,-0.0495815620366575,-0.38941067464593,-0.0679658225218546,-0.0016822530907356,0.00143411934488879,2.8316042253695e-18,9.30548573156997e-20
0.952610581656572,0.677001024798354,0.999184514379233,1.00275094046967,0.93397399433647,1.00913483892207,1.00987071839357,0.952610581656572,0.990947850089649,1,1.00008828202784,0.997586815045792,3.37556419527723,3.83439383421733,0.884930501899304,0.920506586866736,0.036373476406975,-0.00326326987595462,0.0392892836258257,0.997505044186301,-0.0853291353338918,-0.0485490628997187,-0.390082510129377,-0.0683066894459317,-0.0024980709205991,0.00274716355979679,2.549335292925e-18,5.11777498860474e-19
0.952658149151815,0.67701248831404,0.999166707076044,1.00282606591657,0.933967829966655,1.00911416080213,1.00986668580133,0.952658149151815,0.990968155797746,1,1.00011499396075,0.997534841068437,3.37383280771549,3.83322644333841,0.884871834327246,0.920623664022581,0.0362915121382227,-0.00333455746848416,0.0392733108299894,0.996673827663751,-0.0860355916098565,-0.0484991286596347,-0.390065578385075,-0.0683132899450881,-0.00333171275994683,0.00282208011245157,4.88665191808149e-18,3.93917812497132e-19
0.953436153807692,0.676661715344917,0.998857681219605,1.0038930772078,0.933718558981169,1.00874897803807,1.00977825679059,0.953436153807692,0.99132689791938,1,1.0001774903831,0.996637720052616,3.34555058651747,3.81480967542361,0.883400813403547,0.922633538362831,0.0348437197306263,-0.00457187472866814,0.038923034286557,0.995535300239266,-0.0849976525362948,-0.0476827616942755,-0.390583906501321,-0.068580228961409,-0.00447468499590395,0.00388551880847915,5.02010151948726e-18,6.49104666750574e-19
0.952969462247659,0.676954210748567,0.999045786470156,1.0032770732077,0.93389071958162,1.00897218833683,1.0098348060447,0.952969462247659,0.991107593818197,1,1.0001962966686,0.997182727966253,3.36249295431463,3.8257451095935,0.884361766162463,0.921413104494577,0.0357287140106909,-0.00381866994868054,0.0391470353489254,0.994585340099156,-0.0872760641148295,-0.0481723874741092,-0.390151677943105,-0.0683958580937991,-0.00542936368564414,0.00327171535490047,6.91549432438715e-18,3.21040476244144e-19
0.952607233491044,0.677147584835732,0.99919056051154,1.00279267088593,0.934015087278719,1.0091435551544,1.0098769316298,0.952607233491044,0.990939291001219,1,1.00019246681496,0.997604461131103,3.37574206802727,3.83432468822667,0.885071931857922,0.920473377470342,0.0364080256208607,-0.00323906562137798,0.0393138935719069,0.993780278108202,-0.0891062798770924,-0.0485525772356773,-0.389866037805024,-0.0682626921138694,-0.00623913849375389,0.00278877865023,5.82125140571556e-18,1.59053174084362e-19
0.952303087768763,0.677287279931081,0.999311299825942,1.00238184060063,0.934113279439639,1.00928618502078,1.00991112950018,0.952303087768763,0.990799254441741,1,1.00017700992843,0.997957706008322,3.38693416323652,3.84159087139714,0.885643993660956,0.919689362567987,0.0369733346711564,-0.00275574785514535,0.0394493451412428,0.993095857426129,-0.0906473618903288,-0.0488719124337838,-0.389659745579705,-0.0681575666291842,-0.00692808152898013,0.00237900852754865,4.96078002841194e-18,7.33255033561868e-20
0.951576624111839,0.677603462747947,0.999598824271693,1.00140734876872,0.934343077444154,1.00962549114391,1.00999117508327,0.951576624111839,0.990466275674836,1,1.00014365091453,0.998804607766837,3.41394854224081,3.85911237818316,0.886981556632716,0.917823990508766,0.0383178448870951,-0.00160502456745309,0.0397663730280786,0.992697450144004,-0.0930789726794911,-0.0496350618649832,-0.389193000374456,-0.0679115877018946,-0.00732934200842084,0.00140635938820027,4.23099884129413e-18,-1.53934422817265e-19
0.950478095283949,0.678036595175733,1.00003136689249,0.999955295187061,0.934678400218111,1.01013502241212,1.01010796217465,0.950478095283949,0.989966665621981,1,1.00010784943017,1.00009415077547,3.45557929066934,3.8860629814187,0.88892501587134,0.915022274244816,0.0403360299677834,0.00012546560672295,0.0402288736088076,0.992728588082769,-0.0961048473505483,-0.0507901622261346,-0.388553986917414,-0.0675527649382558,-0.00729797687977779,-4.47058118695383e-05,2.49995361074439e-18,-4.46930583022263e-19
0.950257172936754,0.6780875749198,1.00011708140719,0.99965735249298,0.934735911718251,1.01023554067453,1.01012969168989,0.950257172936754,0.989868164114784,1,1.00008198817679,1.00035194447071,3.46405495910967,3.89158048268281,0.889276240185811,0.914466481895255,0.0407340490694259,0.000468298234599283,0.0403149209653129,0.992844818404787,-0.0965953653834619,-0.0510226219064786,-0.388478802381226,-0.0674912360949494,-0.00718090222904941,-0.000342706224090003,-7.94117002175164e-20,-3.13202007461498e-19
0.951182810186766,0.677677600120572,0.999751376677814,1.00085585771693,0.934440879564344,1.00980437236606,1.01003019102803,0.951182810186766,0.990290820061825,1,1.00006574510257,0.999257265353043,3.42872677496286,3.86879898910752,0.887607892223572,0.916831597465721,0.039026485438415,-0.000994616857861823,0.0399208900809961,0.992597973465957,-0.0942610226453788,-0.050049003891117,-0.389083592942003,-0.0678069178101771,-0.00742955622855559,0.000855491679539353,-6.08664242598919e-19,2.09985050581602e-19
0.949692663742415,0.678259854262899,1.00033728935907,0.998918205103311,0.934894506797873,1.01049415138213,1.01018633014042,0.949692663742415,0.989614832162069,1,1.00005771947114,1.0010177031054,3.48591464844807,3.90573063204276,0.890203531426437,0.91304175786352,0.0417578799543467,0.00134893014673363,0.0405391964998894,0.992932767227032,-0.0980659819114468,-0.0516168558730401,-0.388224769412613,-0.0673215827079146,-0.00709232418143497,-0.00108238045941741,1.52030870901389e-18,-4.20302320000227e-19
0.949529991389607,0.678311169547584,1.00040075556674,0.998708139775446,0.934940683888866,1.01056867943837,1.0102025766948,0.949529991389607,0.989541849424348,1,1.00005509485564,1.00121051282425,3.49226414942151,3.9098318413585,0.890469725826501,0.912631576326908,0.0420528853528916,0.00160270144985689,0.0406035268666291,0.993330691901019,-0.0981146513899401,-0.05178815898532,-0.388149115854469,-0.0672721913738297,-0.00669164795951973,-0.00129269539502729,-1.92165376356203e-18,-2.99616935885958e-19
0.949768948391497,0.678220241310635,1.00030702230735,0.999012156013676,0.934868568041252,1.01045843536829,1.01017809195605,0.949768948391497,0.989649811427279,1,1.00004827522971,1.00092589915609,3.48293769160098,3.90382696038528,0.890063751748025,0.913236782748856,0.0416164970746407,0.00122790088966515,0.0405065759260849,0.993635667380081,-0.0971447539487957,-0.0515365338612466,-0.388283174317214,-0.0673493280911935,-0.00638467159470025,-0.000988332225162566,-2.29480474543476e-18,-8.60603435922778e-20
0.951027836663756,0.677708935821661,0.999811448864312,1.00064107999301,0.934479973585358,1.00987481912302,1.01004553613473,0.951027836663756,0.990221739426135,1,1.00003867820906,0.99943615208257,3.43457691688881,3.87262603966429,0.88785474945723,0.916441168630814,0.0393055268479133,-0.000754275612924941,0.0399816605234964,0.993448315903231,-0.0938306436776124,-0.0502119448069312,-0.389037353455451,-0.067765081729704,-0.00657323981652296,0.000640874588837405,-1.75476342136692e-18,4.48015791353241e-19
0.9516478010965,0.677428529738459,0.999566015041464,1.00145619457274,0.934280852572853,1.00958522322796,1.00997768649903,0.9516478010965,0.990505781006249,1,1.00004234726357,0.998707558672319,3.41122522540653,3.85753312204782,0.886717011885335,0.918030671987754,0.0381583056820528,-0.00173631624353039,0.0397129520488394,0.993017172842821,-0.0925317875348034,-0.0495602652468358,-0.389451203636025,-0.0679781876778377,-0.00700731918263279,0.0014551353497162,1.1387868301788e-18,4.9841958361426e-19
0.951677336073398,0.677419123795661,0.999554443024927,1.00149662228389,0.934272458940477,1.00957160783051,1.00997458674105,0.951677336073398,0.990519139270433,1,1.00004580680871,0.998673353673094,3.41012199189173,3.85681396833846,0.886666150031931,0.918105841281466,0.0381043608101783,-0.00178262463287078,0.0397006754771899,0.992574725473678,-0.0928955666330333,-0.0495292298225637,-0.389465089127288,-0.0679871718609449,-0.00745297674687653,0.00149550346190259,2.58672118879251e-18,3.15446174253058e-19
0.951639294815583,0.677439714538956,0.999569622155974,1.00144724829317,0.934285607937085,1.00958956010594,1.0099789147959,0.951639294815583,0.990501526105515,1,1.00004744433451,0.998718222952315,3.41154648359549,3.8577316330083,0.886739571946162,0.918007599178161,0.0381754884574317,-0.00172188154853239,0.0397178166957236,0.992147541676473,-0.093433050379984,-0.049569203781072,-0.389434692811195,-0.0679730978060245,-0.00788344872778259,0.00144620203978718,2.65853522998237e-18,1.98519543825844e-19
0.953787631471936,0.676418158845692,0.998715126240587,1.00435349882788,0.933582500032905,1.00857950577303,1.009734320043,0.953787631471936,0.9914934680549,1,1.00015165807901,0.99622685995086,3.33288618159627,3.80665112812839,0.882651711006295,0.923558406229673,0.0341716600386121,-0.00514278085120814,0.0387489846209296,0.990872730723079,-0.0886900977813435,-0.0473141627106839,-0.390943980601756,-0.0687259635782144,-0.0091691454842676,0.00434404977656376,2.57082940388374e-18,1.09982211305569e-18
0.952659232120321,0.677077089313929,0.999168395654112,1.002848257762,0.933985441487178,1.00911686241155,1.00986918555312,0.952659232120321,0.990965502673013,1,1.00016184584828,0.99753975826989,3.37381726948559,3.83313349301078,0.884930499188715,0.920615416429101,0.0363022211709046,-0.00332779731081896,0.0392832121054859,0.990048706616692,-0.0927139601029725,-0.0484979910672665,-0.389970158020099,-0.0682944333905665,-0.0100011255821284,0.00284420923647072,7.73336741822425e-18,3.25089568301638e-19
0.952860864392698,0.676990645230465,0.999088499864626,1.00312458860037,0.933922059768105,1.00902252084403,1.00984660100638,0.952860864392698,0.991058155464419,1,1.00017914667894,0.997306953913557,3.36644714728278,3.82833439716692,0.884554984927598,0.921134869023939,0.0359282477101367,-0.00364765800761275,0.0391937555911059,0.98914626383782,-0.0930617798567932,-0.0482863558984209,-0.39009785006127,-0.0683622988325698,-0.0109130504915684,0.00311971723258881,5.05952215591117e-18,3.66741971448944e-19
0.9527736078383,0.677050391014187,0.999123805399373,1.00301201168682,0.933955650206667,1.0090644547184,1.00985728760615,0.9527736078383,0.991016970158421,1,1.00018757927777,0.997409757106507,3.3696415358008,3.83038650177843,0.884738410263246,0.920906231794649,0.0360944793255299,-0.00350631019241948,0.0392360850572335,0.988279566123397,-0.0941866245851738,-0.0483779361132144,-0.39000959406267,-0.068326331589891,-0.0117896417076475,0.00300748468830207,5.55038433057756e-18,2.84103242062821e-19
0.952098677046913,0.677377349871907,0.999392281232417,1.00210617934551,0.934178231412952,1.00938178545831,1.00993382989138,0.952098677046913,0.990705414191714,1,1.00016604827284,0.998195418020623,3.39449425397103,3.8464985550893,0.886023233197216,0.919163685308816,0.0373521996884259,-0.00243161276881083,0.0395392547032692,0.987678964400331,-0.0966885938916053,-0.0490865876582484,-0.389526761660516,-0.0680880348004535,-0.0123975580270155,0.00210396447653596,5.35040756024443e-18,3.87580638688212e-21
0.952127199263543,0.677341934647606,0.999380242211438,1.00213729393618,0.934162865755306,1.00936732618016,1.00992975634033,0.952127199263543,0.990719606131843,1,1.0001510528924,0.99816004045886,3.39342858708197,3.84583622958022,0.885949080882664,0.919240862937639,0.03729489974595,-0.00247979839280554,0.0395231207301526,0.987066836602811,-0.0972245863156905,-0.049056630671216,-0.3895790475663,-0.0681044833790169,-0.0130175126339166,0.00213501317697575,3.74132608539609e-18,9.38660027986626e-20
0.951276363714965,0.677708795909758,0.999716722550549,1.00100187621801,0.934431102113342,1.00976428273992,1.01002287582893,0.951276363714965,0.990330136569055,1,1.00011866298093,0.999154234593476,3.42522517884001,3.86644245344123,0.887505210671397,0.917059021046915,0.038867680699102,-0.0011332702052354,0.0398919197362476,0.986787221517403,-0.0998842777886742,-0.0499506533276225,-0.389037560281893,-0.067817381390854,-0.0133008354021481,0.00100137467904247,3.79659670133839e-18,-2.01025719447559e-19
0.951324803480332,0.677654061828432,0.999696488144606,1.00105506986043,0.93440649196055,1.00974005318082,1.01001628849627,0.951324803480332,0.990353900372205,1,1.00009528209258,0.999094131343795,3.42338555576653,3.86529586745817,0.887385721403938,0.917188686319303,0.0387716984944564,-0.00121423156510025,0.0398658317894599,0.986487718453713,-0.10004645350451,-0.0498997336573189,-0.389118327957026,-0.0678437188599414,-0.0136043940161663,0.00105451366562453,1.77968967208894e-18,-4.8929087054383e-20
0.951015795352068,0.677762937054785,0.999817778187013,1.00064082512125,0.934497231892388,1.00988281035328,1.01004874911094,0.951015795352068,0.990213903774737,1,1.00007369074835,0.999455021122684,3.43505395781121,3.87287143271304,0.887922049508466,0.916402226555989,0.0393371790818652,-0.000728953632114793,0.039994384589863,0.986307958201062,-0.101086530762073,-0.0502246062814578,-0.388957673845307,-0.0677466135127699,-0.0137866331959571,0.000640619880761727,1.87418056261514e-18,-1.10896914642952e-19
0.951228895964369,0.677649078861852,0.999732889491482,1.00091378987367,0.934423959241924,1.00978247835833,1.01002486163827,0.951228895964369,0.990312291458151,1,1.00006021164091,0.999202285934772,3.42698278789423,3.86768233745649,0.887516375216398,0.91695096710343,0.038939758748807,-0.00106858466039408,0.0398997841536465,0.98604450376339,-0.100755056076695,-0.0500005538627362,-0.389125681226295,-0.0678250254727117,-0.0140537795932078,0.000913372621908863,1.13833408698642e-18,5.0110337058054e-20
0.951918154801642,0.677328781405458,0.999459620128722,1.00182309699882,0.934200263036713,1.00945987738006,1.00994869193229,0.951918154801642,0.990628773234743,1,1.00006575145787,0.998393573191613,3.40114690779468,3.8509774977908,0.88623747074026,0.918721420429666,0.0376616518370863,-0.00216210293197831,0.0395981177919122,0.985511660247372,-0.0993666256067163,-0.049276212871425,-0.38959846572843,-0.0680644505714011,-0.0145943058788374,0.00182143717484622,1.62321689186263e-18,3.39196217605209e-19
0.95115515638814,0.677672660591676,0.999761757897761,1.00081410899705,0.934444950805296,1.00981643094445,1.01003251917658,0.95115515638814,0.990278994644738,1,1.00005324742381,0.999288153104519,3.42976486423751,3.8694918491656,0.887642188142997,0.9167636695271,0.0390742511532723,-0.000953081870851943,0.0399301101857537,0.985276868741712,-0.101738139107863,-0.0500780774224322,-0.389090882118778,-0.0678025609392692,-0.0148325799734716,0.000813777792182521,3.23847082273716e-18,-5.65241534549937e-20
0.951612444684075,0.677459382933082,0.999580501006341,1.00141407069775,0.934296305331996,1.00960248121276,1.00998217063005,0.951612444684075,0.990488849461873,1,1.00005234116891,0.99875039502289,3.41255472119669,3.85837447915629,0.886796147228786,0.917937407217544,0.0382266816235063,-0.00167834768487939,0.039730711348031,0.98486354308063,-0.100878233793871,-0.0495974190398817,-0.389405658898555,-0.0679616479717347,-0.015252167323835,0.00141307184145175,1.44614808492063e-18,1.84815519932119e-19
0.9486581973671,0.67860487682558,1.00074114685229,0.997607102898928,0.935193422979567,1.01096841637642,1.01028928770024,0.9486581973671,0.989150584031349,1,1.00007934709216,1.00225178686625,3.52668344374907,3.93198703845296,0.891893448638933,0.910435209953978,0.0436347992784732,0.00296349160983522,0.0409468528223953,0.985593482550413,-0.108343796097961,-0.0527067016140919,-0.387716224030098,-0.0670019044832012,-0.0145112961639085,-0.00239576465760196,2.51189415535166e-18,-8.77822201572482e-19
0.949327478307932,0.678406712975372,1.0004807508019,0.998458165900599,0.9350069067118,1.01066294745473,1.01022392422946,0.949327478307932,0.989449551408715,1,1.00007655034431,1.00145413308487,3.50021453119056,3.91492151136003,0.89082913019204,0.912116121282223,0.04242599661492,0.00192254167514346,0.0406880536456886,0.986067311483719,-0.106018611530069,-0.052001457137123,-0.388008273883432,-0.0672013633492618,-0.0140306525833839,-0.00154302394194539,-4.25063913147031e-18,-2.16675248366698e-19
0.949548532165908,0.678324243771599,1.00039412866109,0.998738018806856,0.934940636751944,1.01056110458065,1.01020145333183,0.949548532165908,0.989549266726177,1,1.00006890031796,1.00119036055511,3.49154798263748,3.90934475929036,0.890457163594092,0.912675187334802,0.042022902689727,0.00157620434948213,0.0405990787964932,0.986455951477238,-0.105011817666095,-0.0517686330105251,-0.388129841919425,-0.06727224178178,-0.0136365988705019,-0.00126277816077181,-2.73884754769185e-18,-5.61177916382477e-20
0.949371511509703,0.678380017893714,1.00046317020767,0.998510510540124,0.93499087484914,1.01064216770526,1.01021906505927,0.949371511509703,0.989469895436771,1,1.00006745960716,1.00140053619607,3.49848019430708,3.91381933683078,0.890745581204801,0.912229137146405,0.0423437536761529,0.00185225238785122,0.040668813647012,0.986912851910692,-0.105037597222613,-0.0519550751527805,-0.388047623153075,-0.0672185096000588,-0.0131735342300583,-0.00149059985148474,-2.24172892363581e-18,-1.26326798035643e-19
0.949621039736611,0.678288123530183,1.00036541753435,0.998827374702345,0.934916402057092,1.01052724550977,1.01019370891357,0.949621039736611,0.989582422903892,1,1.00006045602441,1.00110310444628,3.48871013672108,3.90752924610248,0.890326197098515,0.91286018221588,0.0418888795651286,0.00146140338177284,0.0405684138496882,0.987273489296967,-0.103980726473461,-0.0516922763565939,-0.388183091751205,-0.0672981630789223,-0.0128081811267338,-0.00117331335959127,-2.64586478926564e-18,1.29645183731225e-21
0.949535217156253,0.678312149956796,1.00039880120514,0.998715703298787,0.934939925051896,1.01056641330436,1.0102021564847,0.949535217156253,0.98954406841185,1,1.00005704305755,1.0012045692097,3.4920610303769,3.90969726586619,0.89046365450634,0.912644314512174,0.0420439156054891,0.0015948871240472,0.0406018630025492,0.987667217551982,-0.103818503999404,-0.051782655502696,-0.388147670552097,-0.0672730030098801,-0.0124094580385347,-0.0012851221165997,-2.08300096754388e-18,-6.08281076458085e-20
0.949726724443489,0.678238052346763,1.00032364410093,0.998958818791416,0.934881790729293,1.01047800572197,1.01018249558491,0.949726724443489,0.989630644464375,1,1.0000505076846,1.0009763034397,3.48458296956733,3.90488448442631,0.890137302612836,0.913129507260064,0.0416939675069159,0.0012943671272313,0.0405240129197398,0.987986871830532,-0.102963420774215,-0.0515809917093946,-0.388256913475113,-0.0673351843531437,-0.012085864689552,-0.00104172361368173,-2.28136922901812e-18,1.46502725203984e-20
0.950749034860097,0.677828365661334,0.999921507346551,1.00027700638304,0.934567709114104,1.01000455547977,1.01007547184952,0.950749034860097,0.990094544172846,1,1.00003828807893,0.999764835581368,3.44517698517399,3.87947208081146,0.888355356620274,0.915728918715912,0.0398193649354481,-0.000313982928132107,0.0401002107325613,0.987909321905904,-0.100199257556134,-0.05050514668624,-0.388861141354318,-0.0676711989336157,-0.012164359418234,0.000276968023861929,-1.8495093609228e-18,3.96391663419581e-19
0.9494810538733,0.678308445161297,1.00041926337605,0.998639408642021,0.934949570348305,1.01059021275567,1.01020675669243,0.9494810538733,0.989520764598618,1,1.00004155526221,1.00126681842828,3.49417033198283,3.91108614976001,0.890532568292848,0.912511234413992,0.0421381169190057,0.00167670238404623,0.0406200779481436,0.988323518565862,-0.103300057754859,-0.05183969865566,-0.388153131914857,-0.0672626866518395,-0.0117451839030358,-0.00136151780273424,4.92062183070095e-19,-2.66905404306286e-19
0.949172305567473,0.678421266622577,1.00054014955597,0.998249234753159,0.935041487962547,1.01073230084182,1.01023797603765,0.949172305567473,0.989381658345446,1,1.00005245486742,1.0016354615639,3.50630281805811,3.91889246143453,0.891048309922685,0.911731137883073,0.0427004739770849,0.00216001568658109,0.0407436916017149,0.988857365142529,-0.103615299450353,-0.0521649244471062,-0.3879868212631,-0.0671643793631988,-0.0112051782798444,-0.00175229962668526,-2.41689576437393e-18,-2.82653007786532e-19
0.949318706398747,0.678381451842484,1.00048327490696,0.998438076527808,0.935001671539634,1.0106656048073,1.01022372388242,0.949318706398747,0.989446949847083,1,1.00005644270614,1.00146183169997,3.50054610843769,3.91517197639712,0.890817114095148,0.912098652078752,0.0424365138511618,0.00193263322146685,0.0406872603700418,0.98933525819625,-0.102729128466461,-0.0520106973036096,-0.388045509346141,-0.0672069624085062,-0.010722016858131,-0.00156314454427255,-3.1099838204104e-18,-1.20446857111014e-19
0.950464035916375,0.677951181620131,1.00003397270108,0.999908125386862,0.934657615504877,1.01013710287564,1.01010590104535,0.950464035916375,0.989964626702643,1,1.00004243226867,1.00010197690515,3.45607896124277,3.88650324549653,0.888864559478844,0.915001634650508,0.0403442683145146,0.000135888500080142,0.0402207115842151,0.989368868713997,-0.0995174694610173,-0.0508049542127439,-0.388679966568967,-0.0675750024712446,-0.0106880423618434,-9.18788331659359e-05,-2.77453344244735e-18,3.69312666789222e-19
0.951280859986,0.677594107158003,0.999711305509091,1.00097194719903,0.934398589554476,1.009756672096,1.01001794676396,0.951280859986,0.990337600785378,1,1.00003769401001,0.999138140236558,3.42500899611361,3.86644753117411,0.887391791130692,0.917089414082855,0.038837532400778,-0.0011549445669921,0.0398723990831778,0.989083242288403,-0.0975270795442223,-0.0499459268390003,-0.389206806945415,-0.0678521760212829,-0.0109767784174888,0.00097147516421924,-1.63202097415414e-19,5.14733964194744e-19
0.952758282518586,0.676912716772329,0.999125182592732,1.00294497396453,0.933920666887553,1.00906451203212,1.00985318604061,0.952758282518586,0.991016913946033,1,1.0000824366382,0.997413776897947,3.37014749435684,3.83089956156989,0.884632585141838,0.92089122401172,0.0360947063642198,-0.00350079679757175,0.0392198389291369,0.988217962325153,-0.0942652613494915,-0.0483940222203778,-0.390212970611493,-0.0683637896782231,-0.0118519783808365,0.00294064602590786,1.72652505452542e-18,9.19730574066897e-19
0.953045460303674,0.676820047223525,0.999012346305396,1.00334932290735,0.933838802945404,1.00893158772597,1.00982213183062,0.953045460303674,0.991147476868516,1,1.00013037491255,0.997085604263083,3.35969118941853,3.82404789100021,0.88412512458944,0.921626384394074,0.0355677530888595,-0.00395255992688786,0.0390968318216811,0.987241925667643,-0.0944553777119197,-0.04809263938315,-0.390349901986421,-0.0684514525206542,-0.0128401310425196,0.00334372643479486,5.23132464374152e-18,7.09324188350215e-19
0.953740655191039,0.67652603037569,0.99873665197048,1.00431583000763,0.933621475086448,1.00860590333754,1.00974329905961,0.953740655191039,0.991467518730995,1,1.00020908424593,0.996288765824373,3.33459970119907,3.80766068477343,0.882822108930232,0.9234218077506,0.0342763499750531,-0.00505656884611595,0.0387845543685536,0.985994653538676,-0.0937731716828268,-0.0473634188530786,-0.390784495254252,-0.0686842152802347,-0.0141042929782607,0.00430654355172037,5.94959265383583e-18,8.03873658775918e-19
0.952380138667987,0.677268310024554,0.999281253676437,1.00249082366736,0.934092931193914,1.00925087347898,1.0099031468691,0.952380138667987,0.990833920209584,1,1.00019230760363,0.99786966310311,3.38409804124611,3.83972956638409,0.885514715858198,0.919885096077937,0.0368333860154148,-0.0028760166019363,0.0394177277753856,0.985285962793494,-0.098329811015955,-0.0487910035048942,-0.389687757690246,-0.0681793508370703,-0.0148233411915324,0.00248772677826872,7.6664541517488e-18,8.74150961144692e-20
0.952209300869844,0.677330884593744,0.999348533220934,1.0022559293091,0.934143707977147,1.00933016674126,1.00992164876593,0.952209300869844,0.990756080326813,1,1.00017341199124,0.998066922627101,3.39039983813257,3.843838267913,0.885820279071437,0.919447730444457,0.0371476388565641,-0.00260671476379917,0.0394910091126218,0.984644073473604,-0.0994570821794294,-0.0489704033370068,-0.389595362790712,-0.068124991890741,-0.0154750292201109,0.00225338852939893,4.4245916572505e-18,7.4187826596297e-20
0.952289456783716,0.677274030062472,0.999316075761005,1.00235728519354,0.934112298641199,1.00929161452342,1.00991187562247,0.952289456783716,0.99079392444883,1,1.00016237994788,0.997971709089932,3.38742990524154,3.84193739701353,0.885651366890034,0.919657547671703,0.0369948527411407,-0.00273663107660182,0.0394523003535903,0.983970641886054,-0.0999130688720132,-0.0488862266294458,-0.38967930940799,-0.0681586165557088,-0.0161591935340423,0.0023545111610597,4.00733545742301e-18,1.57492117095547e-19
0.951184505245305,0.677760382490193,0.999753402201902,1.00088463923507,0.934463375093069,1.0098076661641,1.01003329241619,0.951184505245305,0.990287589931886,1,1.00012579016587,0.999263290946381,3.42869746863268,3.86867262447492,0.887682811121292,0.916821957021076,0.0390395326731556,-0.000986512752591187,0.0399331724158227,0.983727995582375,-0.103247810607572,-0.0500472217374478,-0.388961443205431,-0.0677828442935965,-0.0164058293256754,0.000884248178036853,4.18737967595397e-18,-2.52493898370745e-19
0.950713451584054,0.677921581388805,0.999938059440334,1.00025552487468,0.934600408225823,1.01002490876028,1.01008232253376,0.950713451584054,0.990074592512587,1,1.00009454840814,0.999814373619546,3.44656782882304,3.88026912347851,0.888491880687004,0.91562508252864,0.0398999708149669,-0.000247769906410864,0.0401273400384802,0.98366706275538,-0.104616068600539,-0.0505425739923661,-0.388723629135627,-0.0676362110286522,-0.0164677721150665,0.000255492233858838,1.57143495561157e-18,-2.82611841091686e-19
0.950759333505537,0.677869983409453,0.999918924880372,1.00030503067122,0.934577160429354,1.01000201027273,1.01007616778164,0.950759333505537,0.990097039212312,1,1.00007131495688,0.999757109143922,3.44480395371991,3.87917194091052,0.88837992235321,0.91574753793798,0.0398092849417841,-0.000324313616673162,0.040102966693146,0.983587311564637,-0.104563416085008,-0.0504943146079449,-0.388799744310635,-0.0676610859405379,-0.0165488504194318,0.000304984158824643,4.53903358766976e-19,-1.16978613318775e-19
0.950093633793528,0.678113424053705,1.00018012817137,0.999434270067235,0.934775215353214,1.01030933280931,1.01014524674511,0.950093633793528,0.989795865000127,1,1.00005594065551,1.00054204408731,3.47034973791621,3.89569013440894,0.889523786727885,0.914057365567048,0.0410262163092378,0.000720447842735132,0.0403765167479282,0.983764484264061,-0.106230683498226,-0.0511947362512624,-0.388440682339683,-0.0674491892176841,-0.0163687383755066,-0.000565890018329707,5.41843319049655e-19,-3.05686928485129e-19
0.947948896199687,0.678825013313429,1.00101708037921,0.996729340336986,0.935394004488306,1.01129202261804,1.01035779494389,0.947948896199687,0.988834060992963,1,1.00011739200073,1.00310481077535,3.55515805769762,3.9502754564132,0.893007981995026,0.908657419508506,0.0449149794758008,0.00406626098443352,0.0412180811625735,0.984765077949595,-0.11113919049181,-0.0534546493432316,-0.387391904847993,-0.0667874511009523,-0.0153521729926358,-0.00327601995710338,-1.00493823532104e-18,-9.34231708489027e-19
0.946870317963628,0.679170328543211,1.00143631124546,0.995440248042429,0.935702161310479,1.01178340829962,1.0104600881258,0.946870317963628,0.988353812126942,1,1.00023906977621,1.00441619803187,3.59929188858796,3.97849469670597,0.894666134786291,0.905962650902881,0.0468581210115665,0.00574114869376449,0.0416230368985784,0.986179570244632,-0.112673673444608,-0.0545930293996931,-0.386883429810758,-0.066458080082213,-0.0139168649915138,-0.00457017930859557,-5.80985866174563e-18,-9.04283362101757e-19
0.947035301533771,0.679262373918624,1.00137682328734,0.995679595547729,0.935694915451601,1.01171528678411,1.01044995492595,0.947035301533771,0.988420362125759,1,1.00031962072113,1.00422895896631,3.59255033715608,3.97400071897415,0.894552468206301,0.906350576354791,0.046588796307678,0.00550352786266639,0.0415829237441954,0.98753741719841,-0.11086968668358,-0.0544188163141758,-0.386747925262535,-0.0664658217896718,-0.0125409298494178,-0.00432976427422419,-8.09974657580024e-18,-4.13383571660249e-19
0.947439289869967,0.679247004859926,1.0012234677928,0.996195347102179,0.935610876628083,1.01153680775346,1.01041606131792,0.947439289869967,0.988594766179657,1,1.00035168065197,1.00374806151696,3.57601686660356,3.96328708982573,0.894041705409577,0.907340595918465,0.0458830771489487,0.00489089444975475,0.0414487498930784,0.988745671605979,-0.10855531699269,-0.0539923543928995,-0.386770525206724,-0.0665556341627648,-0.0113181623869066,-0.00381190892462809,-7.67457999776766e-18,-8.21847766728291e-20
0.947809839295815,0.679180184145256,1.00108104005233,0.996658210087528,0.935519306570666,1.01137040310975,1.01038271642761,0.947809839295815,0.988757425943535,1,1.00035182904147,1.00330366278331,3.56094723290949,3.95357504225538,0.893516577423027,0.908258685150481,0.0452249909211749,0.00432183381852371,0.0413167436697651,0.989814567458177,-0.10646357394855,-0.053601344954754,-0.386868876791032,-0.0666535063672556,-0.0102376750505885,-0.0033473861181381,-6.75842119658877e-18,6.17518923768539e-20
0.947922819173712,0.679148061621497,1.00103722212315,0.996796850961866,0.935488157489281,1.01131906829216,1.01037205084185,0.947922819173712,0.98880761614661,1,1.00034507525274,1.00316737671595,3.55637012932102,3.95063752278102,0.893344089779876,0.908540808070136,0.0450219537762371,0.0041467461776376,0.0412745196532016,0.990841242919316,-0.105116317494086,-0.0534821563219712,-0.38691616498146,-0.0666868017318978,-0.00920096973801126,-0.0032082900741795,-5.93621136685888e-18,2.93793693718779e-20
0.948483371046784,0.678971324610621,1.00081913303438,0.997487367661298,0.935328874105585,1.01106330093108,1.01031804341772,0.948483371046784,0.989057755407778,1,1.00030991071789,1.00249205284008,3.53381305692183,3.93616184440955,0.892463091958348,0.909945403912001,0.0440102031234556,0.00327519431848168,0.041060702452438,0.991652882608845,-0.10275277449811,-0.0528910020500665,-0.387176398277658,-0.0668570792455184,-0.00838215600418627,-0.0025157942744339,-5.6899357015085e-18,1.86862373995879e-19
0.949861029491251,0.678453138910097,1.00027947822942,0.999214872936526,0.934914636786451,1.01042894479455,1.01017893651465,0.949861029491251,0.989678695517327,1,1.00023884729931,1.00084243616505,3.4794772177426,3.90124932542341,0.890157318684232,0.913425821166352,0.041499754048599,0.00111775686736111,0.0405099201273587,0.991930029013972,-0.0986558152559528,-0.051439587846418,-0.387939843227785,-0.0673000510762734,-0.00810270921873029,-0.000785435430225262,-4.4633316397515e-18,6.01208362785937e-19
0.948631832311068,0.678811075303644,1.00075771926052,0.997636708902634,0.935255445271756,1.01099001700806,1.01029933250758,0.948631832311068,0.989129449921293,1,1.00022231030444,1.00230279240339,3.52782970596227,3.93246469752029,0.892120890704646,0.910336574500858,0.0437202636695429,0.00302973179243878,0.0409866226179298,0.99268163970079,-0.101286117326174,-0.0527344933797632,-0.387412428336518,-0.0669355869913509,-0.00734527543786698,-0.00236608807644619,-1.39466582899951e-18,-1.81615652763961e-19
0.949223015020837,0.678594361033937,1.00052642304088,0.998373701459231,0.93507920459666,1.01071825081889,1.01024016898823,0.949223015020837,0.989395411746906,1,1.00018781252145,1.00159352406259,3.5043939441275,3.91741492064641,0.891143368508024,0.911827631696575,0.0426448702932734,0.00210513887438084,0.0407523745030819,0.993204212727044,-0.0991232770621045,-0.0521115013781282,-0.387731718721076,-0.0671240434685896,-0.00681898543256601,-0.00162762239318454,-4.19804830429954e-18,9.67544154842975e-20
0.949585886720493,0.678427656190877,1.0003832433194,0.998822690345509,0.93496178534786,1.01054957980752,1.0102021434999,0.949585886720493,0.989560551992853,1,1.00015211168857,1.00115726851819,3.49014120730352,3.90828629410157,0.890503929691065,0.912750333949824,0.0419772851250607,0.00153267988557213,0.0406018115946831,0.993584852849848,-0.097728699258381,-0.0517292947481275,-0.387977403886687,-0.0672496218277119,-0.00643581327988375,-0.00117800322643813,-2.88888653580101e-18,1.52631190058775e-19
0.950491149732262,0.678040141047365,1.00002651164061,0.999975045017015,0.934676810350526,1.01012940016328,1.0101069297982,0.950491149732262,0.989972175646399,1,1.00011417050536,1.00007957067317,3.45508255833291,3.88573095737308,0.888910325305868,0.915054042347499,0.04031376655262,0.000106045161300569,0.0402247854248148,0.993611194502673,-0.0951814536155743,-0.0507764277201942,-0.38854875728887,-0.0675544659137352,-0.00640930091953564,-2.4955294159569e-05,-2.09132205684657e-18,4.10218112428469e-19
0.951256030418134,0.677679332931717,0.999723522298187,1.00096290510269,0.934426971811706,1.00977188687357,1.01002357367015,0.951256030418134,0.990322678836111,1,1.00009082966608,0.999174441815291,3.42597628433069,3.86697743746003,0.887506371842054,0.917013384672764,0.0388978030091301,-0.00110606361366747,0.0398946834085386,0.993336482576867,-0.0933190245605687,-0.0499720284822701,-0.389081035973222,-0.0678218014981904,-0.00668581674219354,0.000962441806988854,-4.43289547031449e-20,5.13175785134799e-19
0.951714039820343,0.677452780960613,0.99954152829558,1.00156136229631,0.934274536304575,1.00955690860294,1.00997253042439,0.951714039820343,0.990533561308859,1,1.00008279828383,0.998635196240033,3.40877029862705,3.85587455110543,0.88664518381862,0.918191649087978,0.0380461209165559,-0.00183430688216569,0.0396925314267975,0.992881064278408,-0.0924935258272082,-0.0494906628619237,-0.389415404780687,-0.0679849483837526,-0.00714439400143053,0.00156014463774864,1.71046306485493e-18,4.74730613737004e-19
0.950393279898851,0.678007182455104,1.00006270409997,0.999825129530676,0.934686972827085,1.01017123519715,1.01011441500317,0.950393279898851,0.98993117713693,1,1.00006242845172,1.00018831289542,3.45880710969376,3.88822835653859,0.88901431057936,0.914816976833425,0.0404794251910843,0.000250808543795535,0.0402544265502484,0.992943322134437,-0.0961129523026589,-0.0508794005907506,-0.388597366945814,-0.0675435932710127,-0.00708169346931136,-0.000174885760561479,2.77353659382961e-18,-2.03168686995752e-19
0.948173837028514,0.678766047201196,1.00092995789838,0.997008765496949,0.935333369485996,1.01118998844465,1.01033660412893,0.948173837028514,0.988933840166352,1,1.00010996479019,1.00283461278829,3.54608649044413,3.94444108191534,0.892667296027988,0.909218852414597,0.0445113779697468,0.00371810804335497,0.0411341862085698,0.993866726603412,-0.10132153360766,-0.0532173935321039,-0.387478764975976,-0.0668522742887743,-0.00615216633906938,-0.00299571718307382,-3.10632354192319e-19,-8.98509309620898e-19
0.948900903351449,0.678586157716346,1.00064845153097,0.997930320556208,0.935140418938118,1.01086027782139,1.01026772139275,0.948900903351449,0.989256400381969,1,1.00011352082086,1.00196702230179,3.51706581731748,3.92572257794447,0.891559702942881,0.911035474173156,0.0432069146706929,0.00259296701823618,0.0408614653671233,0.994511204380343,-0.0986773312004934,-0.0524508970548554,-0.387743808293881,-0.0670585822478051,-0.00550391706850994,-0.00207182417319328,-5.3134998677452e-18,-2.06258250247759e-19
0.94916067058515,0.678501289974881,1.00054712441359,0.998258586713298,0.935065837361016,1.01074132103705,1.01024203388937,0.94916067058515,0.989372828746344,1,1.00010733462418,1.00165677697994,3.50679703160312,3.91911129224793,0.891138641707773,0.911689286999314,0.0427361715309437,0.00218790001718885,0.0407597584713049,0.995055327757692,-0.0974129631732541,-0.0521771823312118,-0.38786887676065,-0.0671383388858877,-0.00495693917412788,-0.00174293130545634,-3.67648923534624e-18,-4.24485878708135e-20
0.948505401296186,0.678711964475528,1.00080251915577,0.99743502698194,0.935253064875695,1.01104106032462,1.01030639447138,0.948505401296186,0.989079512640323,1,1.00012788555017,1.00244081891211,3.53280978206173,3.93584841031384,0.892191506470434,0.910042010428593,0.0439222127526806,0.0032087922489154,0.0410145823284919,0.995853883105815,-0.0984192014729121,-0.0528677765829177,-0.387558439431095,-0.0669381325696355,-0.00415473937059298,-0.0025682681949405,-3.0933714020561e-18,-3.0582806740179e-19
0.947199271910284,0.679102764542994,1.00130973445995,0.995839837514579,0.935618549213472,1.0116355061478,1.01043057500531,0.947199271910284,0.988498314153969,1,1.00022173400883,1.00401829912729,3.58574496108717,3.9697969671034,0.894201921522702,0.906777096035522,0.046273352145765,0.00523552813215516,0.0415062054552326,0.997158200553657,-0.100704193605292,-0.0542457054464681,-0.386982885063157,-0.0665474359233377,-0.00284585376144077,-0.00416884002405527,-4.55630736350789e-18,-6.73661688027926e-19
0.948053956449415,0.678971339414695,1.00098192134739,0.996914358499377,0.935413591217578,1.01125275142032,1.01035441945243,0.948053956449415,0.988872461662993,1,1.00023806991691,1.00299565471284,3.55100097719287,3.94737352283478,0.893012420473761,0.908891183289566,0.0447596454997696,0.00392576490048211,0.0412047176211346,0.998137335879399,-0.0973941987101992,-0.0533438290434398,-0.38717638707926,-0.066766511607164,-0.00186440378322658,-0.00309041184418836,-7.38993308399325e-18,-3.62449755302799e-20
0.949355425743099,0.678564118256259,1.00047516750911,0.998546575011612,0.935044784800761,1.0106582063288,1.0102275006861,0.949355425743099,0.989454193017943,1,1.00019588073327,1.00143710645213,3.49919422540607,3.91404648726754,0.890939376502017,0.912159104898141,0.042407232200512,0.00190021919196945,0.0407022146626243,0.998611618856309,-0.0933301811010038,-0.0519720185164171,-0.387776285038289,-0.0671608533043744,-0.00138934623560418,-0.0014544822173476,-5.48120038356894e-18,4.56803369565886e-19
0.95054712465807,0.678063082051987,1.00000594130246,1.0000622551921,0.934672126680579,1.01010566855521,1.01010280122144,0.95054712465807,0.98999543423588,1,1.00014692344178,1.00001782563299,3.45295753819463,3.8843002493756,0.88885449046321,0.915188986937244,0.0402197909192221,2.37651421809539e-05,0.0402084363227993,0.998617551924657,-0.0900080964223267,-0.0507175389296313,-0.388514923579699,-0.0675594769300136,-0.00138340455132852,6.22532547177356e-05,-2.58180141867821e-18,6.75666090509325e-19
0.951554300882723,0.677582220667128,0.999606651473128,1.00136785275885,0.934341603033734,1.00963438899485,1.00999238899506,0.951554300882723,0.990457546754236,1,1.00012076123576,0.99882777734994,3.41477269426169,3.85968576966596,0.886993456817577,0.917771966102001,0.0383530968107871,-0.00157370335872936,0.0397711806518595,0.998224746940953,-0.0875831457649974,-0.0496585216437704,-0.389224349996142,-0.0679131656704743,-0.00177683037706021,0.00136691810062724,1.10587436273588e-19,7.5051600339665e-19
0.950912557162608,0.677833159199413,0.999859375072862,1.00051397558274,0.93453688635725,1.00993212935088,1.01006086856764,0.950912557162608,0.990165547687404,1,1.00009183942026,0.999579130522539,3.43898381814195,3.87537684066692,0.888132022656104,0.916134062415755,0.0395325197590384,-0.00056253924207594,0.0400423798441136,0.998084371597667,-0.0895100334663169,-0.0503331680972281,-0.388854069672816,-0.0677041803151175,-0.00191746549619516,0.000513843543176882,2.42979460347357e-18,1.72999329907399e-19
0.950585950624049,0.67793861579444,0.999987156571325,1.00007823912382,0.934630175165705,1.01008236410784,1.01009446637995,0.950585950624049,0.990018275238169,1,1.00006888068316,0.999961478024874,3.45142443444457,3.88345083157222,0.888684492077693,0.915305978320262,0.0401275046744573,-5.13740406762566e-05,0.0401754302740412,0.998071552774354,-0.0904271760980723,-0.0506766938705892,-0.388698501874521,-0.0676043616007864,-0.00193030907180712,7.82360633092368e-05,9.13004041693294e-19,-2.62495639013391e-20
0.950873919703488,0.677795395736457,0.999872877146875,1.00044625232174,0.934534067610943,1.00994745690966,1.01006289000599,0.950873919703488,0.990150520342852,1,1.00005274326113,0.999619453159354,3.44042970641619,3.87638066508495,0.888150669505922,0.916044424051691,0.0395932265964916,-0.000508523717152024,0.0400503850547725,0.997944675011609,-0.0897478570641451,-0.0503738009970934,-0.38890978349041,-0.0677071964986632,-0.00205743999985839,0.000446152780785891,1.38980602706273e-19,1.03361119097098e-19
0.950926776291218,0.677756367893103,0.999851483407965,1.00051009103082,0.934512915899247,1.00992206029724,1.0100565718658,0.950926776291218,0.990175419763271,1,1.00004107200391,0.999555571317718,3.43841365943783,3.87509965256581,0.888040430016064,0.916182197523811,0.0394926394457577,-0.000594110461637734,0.0400253641919902,0.997796463590216,-0.0897459954210802,-0.050318215065104,-0.388967366211216,-0.0677298302292223,-0.00220596767834953,0.0005099609786184,7.92703363819826e-19,8.66407487121151e-20
0.951854214336211,0.67733808353942,0.999484325553001,1.00173154170512,0.934215379736832,1.00948883015825,1.00995499714937,0.951854214336211,0.990600361397946,1,1.0000496390608,0.998466382998515,3.40351962589164,3.85253988751796,0.886337792383967,0.9185603840424,0.0377763759656299,-0.00206322914194694,0.0396230901670795,0.997281924753853,-0.0876693953801407,-0.0493433859844319,-0.38958473133652,-0.0680482690704177,-0.00272177504810256,0.00173004431533127,9.06103691306233e-19,4.42701877909403e-19
0.952116734624099,0.677226826087605,0.99938050495236,1.00208503311747,0.934133165374475,1.00936633747253,1.00992613719607,0.952116734624099,0.990720576562683,1,1.00006436966091,0.998160812637767,3.39376910265241,3.84621020632231,0.885856868382449,0.919234154348736,0.0372909816393767,-0.00247874678104785,0.0395087864631826,0.99666411220214,-0.0875558345163318,-0.0490676217196357,-0.389749009885891,-0.068136277633251,-0.00334146260158355,0.00208286245468017,3.07583595059022e-18,3.95182855998719e-19
0.951484358259902,0.677527747233247,0.999631567070447,1.00124800201162,0.934340315049369,1.00966286037374,1.00999666780903,0.951484358259902,0.990429616934283,1,1.00005779371562,0.99890156758518,3.41736185810755,3.86147098141884,0.887041966819247,0.917606949735735,0.0384658940086933,-0.00147400302337198,0.0397881265521823,0.996296907772001,-0.0896960983587098,-0.0497320282540302,-0.389304748908833,-0.0679145441309605,-0.00370996500148621,0.00124722390830429,3.70376283859912e-18,3.29439695225085e-20
0.951536194316128,0.677497988424393,0.999610834706929,1.00131447747209,0.934321927060844,1.00963832528333,1.00999072324808,0.951536194316128,0.990453685237139,1,1.00005399629254,0.998840161853633,3.41541401195488,3.86021917898871,0.886940599433069,0.917741013113797,0.0383686917050831,-0.00155696387086231,0.039764583578802,0.995909182936456,-0.0899392488192606,-0.0496775503187795,-0.38934867336801,-0.0679342246098461,-0.00409920656844028,0.00131361430343723,2.21689690892028e-18,8.19434498758312e-20
0.951034587211325,0.677712016189284,0.999808975930497,1.00065182833412,0.934479496461485,1.00987196841921,1.01004504328419,0.951034587211325,0.990224534662327,1,1.00004302544704,0.999428780837773,3.43432355052437,3.87245460672617,0.887848170252765,0.916457426617974,0.0392942355128423,-0.000764169224336641,0.0399797087261893,0.995718940083701,-0.0915299131950908,-0.0502048466428381,-0.389032808215421,-0.0677655923145166,-0.00429024958139882,0.000651615986894904,2.33498104778619e-18,-1.07680480389113e-19
0.950442518767624,0.677945828459241,1.00004199076521,0.999875763795367,0.934660371414937,1.01014639293057,1.01010762158583,0.950442518767624,0.989955522251048,1,1.00003241214371,1.00012606215251,3.45689842101189,3.88705030324502,0.888889191054342,0.914949196751448,0.0403810554547334,0.000167959540329364,0.0402275248872645,0.995760751138304,-0.0931349977410314,-0.0508275930530538,-0.388687862498671,-0.0675720538891234,-0.00424825992189135,-0.000124243922582801,1.15787971943606e-18,-2.61293701120823e-19
0.950563205929398,0.677885871337462,0.999994119462028,1.00002896404588,0.934620104221536,1.01008989280392,1.01009445643687,0.950563205929398,0.990010896144848,1,1.00002430973155,0.999982360042997,3.45226808939262,3.88407563686418,0.888666644329348,0.915258358862113,0.0401573187519384,-2.35222168699777e-05,0.0401753908996545,0.995754895530676,-0.0928030345369568,-0.0507006211870458,-0.388776306096447,-0.0676151369818801,-0.00425414042620903,2.89636264309354e-05,-2.20687831800573e-19,-8.62075549774363e-20
0.950493923770999,0.677905533412308,1.00002112755025,0.999936263183277,0.934639150627289,1.01012161095384,1.01010144451454,0.950493923770999,0.989979809478142,1,1.0000182688977,1.00006340530716,3.454918317553,3.8857974780195,0.888780678143833,0.915083314929603,0.0402829220356385,8.45093129575956e-05,0.0402030637713025,0.995775933420363,-0.0929731763249983,-0.0507735092091284,-0.388747301296287,-0.0675947584174317,-0.00423301309728059,-6.37388479997649e-05,5.14504809970765e-20,-6.88979631477757e-20
0.949683492409148,0.678213342289915,1.00033928573806,0.99889067707807,0.934883490157032,1.0104959565417,1.01018535028399,0.949683492409148,0.989613064308405,1,1.00002206611804,1.00102376187185,3.4862495881535,3.90601134652976,0.890172328625494,0.913026791442823,0.0417650255912513,0.00135691296086878,0.0405353165945962,0.996113786571735,-0.094883834493017,-0.0516265130416363,-0.388293345928008,-0.0673333665772742,-0.00389378483162633,-0.00110993867596211,-1.13219330306701e-19,-3.43841969881352e-19
0.949687701516029,0.678215781832945,1.00033776409063,0.998897315534906,0.934883333986164,1.0104942107241,1.0101850737898,0.949687701516029,0.989614774049519,1,1.00002485073369,1.00101914379619,3.4860872629268,3.90590155419752,0.890168957776941,0.913036785005373,0.0417581148505439,0.00135082843178816,0.0405342217681833,0.996450238575603,-0.0945351813942165,-0.0516220809358093,-0.388289749082296,-0.0673335336292974,-0.00355607721176959,-0.00110329286857163,-1.97055335947312e-18,-1.96262991831139e-19
0.949738239112923,0.678199931972932,1.00031804578564,0.998962814719004,0.934869014726734,1.01047105438844,1.0101800164895,0.949738239112923,0.989637452431911,1,1.0000260088475,1.00095932388277,3.4841190783234,3.90462955205096,0.890086122050996,0.913164260830289,0.0416664503986455,0.00127198103804035,0.0405141964853335,0.996767155817381,-0.0940775786370096,-0.0515688676583626,-0.388313119164322,-0.0673488503011919,-0.0032380814779236,-0.00103772352953614,-1.95876109127057e-18,-1.04347144363875e-19
0.94977067463339,0.678189037281595,1.00030536623868,0.999004679158726,0.934859625753164,1.01045615562114,1.01017673971759,0.94977067463339,0.989652044233584,1,1.00002630671407,1.00092087892061,3.48285668287018,3.90381447504204,0.890032221927366,0.913246210413051,0.0416074724560196,0.00122127863785851,0.0405012214685251,0.997071535231109,-0.0936825205592314,-0.0515347163430689,-0.388329183326253,-0.0673588933966368,-0.00293276142636401,-0.000995816501732349,-1.84241116762181e-18,-6.42791953799917e-20
0.949425781140332,0.678315728799684,1.00044049693421,0.998565175473648,0.934962464000538,1.01061503296712,1.01021186866766,0.949425781140332,0.989496462447453,1,1.00003384922263,1.00133145997565,3.49633040202673,3.91249361085047,0.890613123080219,0.912373632127816,0.0422363561805192,0.00176160017961038,0.0406403191836957,0.997510742846718,-0.0941980402678171,-0.0518979135193254,-0.388142394066019,-0.0672488961093386,-0.0024923610483523,-0.00143585487251648,-1.76804498379445e-18,-1.88754588923341e-19
0.950046039255834,0.678092599884579,1.00019756383722,0.999360551996503,0.934778839806045,1.01032942463588,1.01014866787943,0.950046039255834,0.989776181520576,1,1.00002826100902,1.00059468854257,3.4721732058304,3.89691689916616,0.88956910335126,0.913943052965967,0.0411057627290795,0.000790177346543793,0.0403900638172497,0.997707815053509,-0.0922818294538747,-0.051244831923005,-0.388471391430056,-0.0674453119014102,-0.00229481615871229,-0.000639652536754671,-2.54876036072478e-18,1.20588454321559e-19
0.949629633852428,0.678243725908745,1.00036072960317,0.998825272809372,0.93490247069773,1.01052128532717,1.01019125064908,0.949629633852428,0.989588259590067,1,1.00003068107124,1.00108886576079,3.48835580327859,3.90735464146727,0.890273103637475,0.912888742481104,0.0418652871203548,0.00144265844644487,0.0405586800090883,0.998067718150462,-0.0930754109563518,-0.0516832264401577,-0.388248547982684,-0.0673130643085053,-0.00193415140525972,-0.00117541772339716,-1.1358878344525e-18,-1.16421539660672e-19
0.947932004428074,0.678802945652759,1.0010227797573,0.996700073114529,0.935391256709134,1.01129840697031,1.01035839199532,0.947932004428074,0.98882781839075,1,1.00009905908949,1.00312251362445,3.55582769029238,3.95074085852886,0.89300861474826,0.908619600545613,0.0449402317945197,0.00408903543390617,0.0412204448669352,0.999088524771604,-0.0967405287730434,-0.0534724680542118,-0.387424411700216,-0.0667903887292008,-0.00091189225249681,-0.00330538364873634,-2.08673467950108e-18,-7.01866336208175e-19
0.947771554502988,0.678921274063403,1.0010873230592,0.99652623465045,0.935455532436537,1.01137481802198,1.01037627516191,0.947771554502988,0.988753109833223,1,1.00016089748718,1.00332322899736,3.56236486917885,3.95484068796727,0.893321670106663,0.908207051198496,0.0452424518465037,0.00434693864353468,0.0412912433034989,1.00017485855983,-0.0961079046579313,-0.0536417375791293,-0.387250126163695,-0.0667216777169132,0.000174843786527681,-0.00347981285557882,-5.86184769252798e-18,-4.52020852418877e-19
0.948304029390621,0.678831531785109,1.00088268714045,0.997202902773608,0.935325730894485,1.01113570915661,1.01032802938854,0.948304029390621,0.988986927826431,1,1.00017834847203,1.00268833364881,3.54090400495457,3.94097433504594,0.892562510565904,0.909527748591614,0.0442966572990632,0.00352919562241697,0.0411002380786625,1.001057699842,-0.0937725549355671,-0.0530800976106572,-0.387382300023853,-0.0668604404826391,0.00105714217945714,-0.00280101638146648,-6.17064683714559e-18,-5.95966609064032e-20
0.950375501838109,0.678114220480397,1.00007291016117,0.999833806452905,0.934719979942551,1.0101843369976,1.01012016150276,0.950375501838109,0.989918338021818,1,1.00013426106709,1.0002190017478,3.45953384049003,3.88856805158762,0.889138828552639,0.914755135143695,0.0405313043620991,0.000291630022655079,0.0402771823161819,1.00113068708738,-0.087968812668966,-0.0508981066852997,-0.388439508637528,-0.0675082803904456,0.00113004837761206,-0.00016620735153078,-4.96864278856866e-18,7.7677501109041e-19
0.950863475542078,0.677867854036194,0.999879189808544,1.00045422884319,0.934556100734702,1.00995563467643,1.01006667109425,0.950863475542078,0.990142502941485,1,1.00010159904457,0.999638311682532,3.44085581948251,3.87656822310774,0.888232920799443,0.916006399684259,0.0396256153448201,-0.00048326994278411,0.0400653587028016,1.00100974032681,-0.0867226964291536,-0.05038478482354,-0.388802885633897,-0.0676836201620714,0.00100923085687942,0.000454125712502419,-2.95219044046847e-19,5.7649372170582e-19
0.950060443268751,0.678158032785042,1.00019418422881,0.999401612103327,0.934794044829679,1.01032621858993,1.01014991735369,0.950060443268751,0.989779322349673,1,1.00007909527712,1.00058448184889,3.47164746944801,3.89648582387814,0.889610703285618,0.913967843565656,0.0410930696491174,0.000776661559847027,0.0403950115012658,1.00120412056801,-0.0887564925949556,-0.0512296707228388,-0.388374901432972,-0.0674290461420265,0.00120339627217638,-0.000598567002187382,8.06872512261764e-19,-6.29235664181889e-21
0.949932203938008,0.67818373246402,1.00024377976678,0.999229323847846,0.934826367753037,1.01038431748225,1.01016227144994,0.949932203938008,0.989722408294517,1,1.00006378119405,1.00073438250413,3.47660501546684,3.89971268961927,0.889808910956634,0.91364638665801,0.0413230833375352,0.000975000311288738,0.0404439310389993,1.00144819377417,-0.0888645193713438,-0.0513646596003285,-0.388337005915382,-0.0673944692630107,0.00144714627461155,-0.000770973275657049,-1.06295043286917e-18,-7.01990998639815e-20
0.950208561126626,0.678060624766409,1.00013471199944,0.999579938446865,0.934738045338439,1.01025579393016,1.01013298024365,0.950208561126626,0.989848319588669,1,1.00004922075209,1.00040506338876,3.46590850252972,3.89283589456404,0.889317558057872,0.91435059136275,0.0408142404664283,0.000538811730185537,0.04032794324384,1.00158310080475,-0.0879593521523118,-0.0510737795992327,-0.388518547199115,-0.0674889535199764,0.00158184908652954,-0.000420149803633077,-1.36899585384059e-18,5.36273157948483e-20
0.949356365503735,0.678364661753095,1.00046843263222,0.998484735250039,0.934989625280931,1.01064812621332,1.01021979943805,0.949356365503735,0.989464061791851,1,1.00005297518354,1.00141657673248,3.49906525305358,3.91422307440784,0.890751340011171,0.912194308069149,0.0423673366598249,0.00187329229355454,0.0406717214442922,1.0020522746096,-0.0898520716078412,-0.0519710289025464,-0.388070259167969,-0.0672198460530844,0.0020501720965902,-0.00151641392444259,-7.46179212881113e-19,-3.07543286465396e-19
0.949514547205797,0.678311792784736,1.00040664422109,0.998686903234103,0.934943897100767,1.01057554757764,1.01020395321528,0.949514547205797,0.989535124234411,1,1.00005186590618,1.00122842353393,3.49286616633699,3.91022606630594,0.890490964258213,0.912593349329754,0.0420800705080649,0.00162624657965227,0.0406089773307038,1.0024597529722,-0.0890081572979607,-0.0518044240643596,-0.3881481970788,-0.067268754602888,0.00245673322025004,-0.00131395963175137,-2.6916509020962e-18,-1.25281085969934e-19
0.950822610841059,0.677799164297769,0.999892543451129,1.00037353566942,0.93454519258842,1.00997044131671,1.01006768122698,0.950822610841059,0.990127986986184,1,1.00003967936806,0.999678217708125,3.44237442885621,3.87765989593333,0.88822571086706,0.915916408601271,0.0396842576543063,-0.000429849277521404,0.0400693589631244,1.00235203217135,-0.0854809046182479,-0.0504277622003558,-0.388904223443013,-0.0676952922485314,0.00234927042129153,0.000373465922329155,-2.33252842089579e-18,4.41359937455166e-19
0.950729098741827,0.67782533525278,0.999929002308927,1.00024741134756,0.934570792887024,1.01001326392225,1.01007715315099,0.950729098741827,0.990086007468676,1,1.00003009658611,0.999787263457363,3.44593245061651,3.87997460236328,0.888380221049983,0.915679951834209,0.0398538535184341,-0.000284000837910273,0.0401068688510555,1.00228086752895,-0.0858101024606647,-0.0505261157909337,-0.388865612038358,-0.0676678992494848,0.00227827027139304,0.000247380746421065,6.63532641125799e-19,1.95742659944997e-19
0.950488703898488,0.677913688193924,1.00002337684094,0.999931405311375,0.934642425808568,1.01012432554932,1.01010223018271,0.950488703898488,0.989977149018956,1,1.00002261795528,1.0000701582863,3.45512104533552,3.88592052876865,0.888795499864262,0.915069018485968,0.0402936715997045,9.35062756232706e-05,0.0402061750145932,1.00230429767242,-0.0864541395769098,-0.0507790009689935,-0.388735271989738,-0.067591254204149,0.00230164687480516,-6.85970413485707e-05,4.39490839378406e-19,1.19049781844718e-20
0.950456572196318,0.677918846044397,1.00003577395294,0.999887224793885,0.934650167392216,1.01013884050095,1.01010531279942,0.950456572196318,0.989962923776514,1,1.00001706272916,1.00010738703776,3.45634992809769,3.8867238530251,0.888844609408162,0.91498851558312,0.0403511490674211,0.000143093257790825,0.0402183821431417,1.00234015403568,-0.0865063448046788,-0.0508128069800629,-0.388727663491712,-0.0675829713023297,0.00233742017142852,-0.000112781565716695,-1.21848644286136e-19,-8.07931018920462e-21
